id,name,order_count,qty,mv_id,mv_name,description
897623,Special Chapathi  Curry,1373,1373,5975,Chapathi with Paneer Butter Masala,"Beetroot Chapathi 
<br>Kadai Paneer 
<br>Salad"
768679,Mixed Fruit salad,1372,1372,3546,Fruit Salad,250 g
1036078,Tea,1370,1370,4138,Ginger Tea,
1004533,Veg Meals,1367,1367,4668,Veg Meals Without Sweet,""
1130190,Chicken Biryani,1365,1365,3233,Chicken Biryani,An aromatic rice and chicken preparation cooked with spices
1124308,Mumbai Bhel,1363,1363,3582,Sukha Bhel, 
577677,Boiled Egg,1362,1362,3429,Boiled Egg,Hard Boiled egg Seasoned with salt and pepper
957885,Boiled Egg (1 Egg),1361,1361,3429,Boiled Egg,Hard Boiled egg Seasoned with salt and pepper
576815,Lemon Water,1360,1360,3303,Lemon juice,Fresh Lemon Juice served chilled
1005823,Banana Fry,1359,1359,4201,Banana Fry,
1119126,Onion Poha,1358,1358,3336,Poha,Flattened rice preparation spiced with Indian Spices
804898,Chicken 65 Biriyani,1353,1353,7524,Chicken65, 
660881,Chilli Paneer,1351,1351,1006,Veg Manchurian,"Serving Size:(Veg Starter 180gms)
Allergens Information: Contains"
824169,Vada + Chutney,1349,1349,4353,Vada, 
1035575,Mother Dairy Aam Dahi,1349,1349,3189,Curd, 
1095440,Tea,1342,1342,3444,Tea,"Tea, brewed with the addition of additives such as sugar, milk, cream, or added flavors"
967212,Rice and Sambar,1336,1336,7240,Sambar Sadam,Rice + Sambhar+ Pappadum
576971,Egg Puff,1335,1335,3710,Egg Puff,Spiced egg stuffed oven baked puff pastry
723210,Poori,1334,1334,6633,Poori,"Served With : 03pcs of Poori 30gms(each)   served with Bhaji 200gms 
Allergens Information:
Contains Soy,Gtn"
1077989,Egg Thali,1333,1333,5862,Egg Thali,"<BR> RICE
<BR> ROTI
<BR> DAL
<BR> SOYA ALOO CURRY
<BR> EGG CURRY
<BR> SALAD
<BR> PAPAD"
1086914,Mysore Masala Dosa,1332,1332,6175,Mysore Masala Dosa,<br>Mysore Masala Dosa
767264,Add on Bread,1331,1331,5874,Bread,
1188598,Veg Thali,1329,1329,4954,Meals,"VEG BIRYANI
MIX VEG RAITA
GULAB JAMNU"
1046395,Visitor Misal pav,1320,1320,3334,Misal pav,""
1096197,Dal Khichdi,1319,1319,4621,Khichdi,Dal Khichdi + Papad
836698,Farfalle pasta - Veg,1317,1317,5767,Smokey Steam - Veg,"Farfalle alfredo Marinara Veg
<br>Farfalle pasta
<br>Exotic Vegetables
<br>alfredo Marinara sauce
<br>Garlic Toast 1pcs"
1150464,Tea,1315,1315,3444,Tea, 
576926,Idli With Sambar ,1314,1314,3330,Idli Sambar,Idli served with sambar and chutney
1154303,Bru Coffee- 150 ml,1313,1313,7155,Jaggery Coffee,  
1151251,Meals Mix Of South- Indian And North-Indian Delicacy'S,1313,1313,4954,Meals,      
1128349,Peanut.,1313,1313,6919,Peanut Masala,     
1128421,Chicken Salad,1306,1306,3551,Chicken Salad,150 gm ( Chicken-50gm+Salad-100gm)
824189,Battura (01) + Chana,1304,1304,3353,Chole bhature, 
1132597,Bun Maska,1304,1304,7293,Bun Masala,
967206,Flavoured Rice,1304,1304,5966,Flavoured Rice Veg,Daily one rice item (lemon rice/ veg kara pongal/ tomato rice/ tamarid rice/ bisibele bath)
1174312,Variety Rice-Lunch,1304,1304,6318,Variety Rice-Lunch,<br> Rice - 300gm
1137134,Idly (2),1303,1303,7204,Veg Idly,
910588,Dry Fruit,1302,1302,4857,Dry Fruit,
576871,Egg Puff,1295,1295,3710,Egg Puff,Spiced egg stuffed oven baked puff pastry
836621,Morning Snacks,1295,1295,4091,Snacks,"Koozh
Rava Vegetable Upma+Coconut Chutney+Sambar"
1043757,Channa Bhatura - Counter - 04,1294,1294,5945,Channa Bhatura,"<BR> 2 Nos Bhatura ,
<BR> Channa masala - 100gms,
<BR> Green Chilli ,Onion with lemon"
1028872,Black Tea,1292,1292,3445,Black Tea,Plain brewed tea
1184457,SDR Samosa,1291,1291,4230,Veg Samosa,
750886,Biscuits-10,1291,1291,2191,Good day biscuit- 10/-,    
1153582,Murukku,1289,1289,5510,Murukku,
1073262,Bun Maska,1288,1288,4430,Bun Maska,
956136,Misal or Ussal Variety,1286,1286,4146,Breakfast,BATATA WADA USAL
588891,Ala carte,1280,1280,4092,Non-Veg Meal,<br>Pepper chicken
767730,Muffin,1277,1277,306,Winny muffin 66 gm Rs 30,
1157933,Chicken Biryani - 350 gm Rice / 100 -120 gm Chicken,1276,1276,5457,Hyderabadi Chicken Dum Biryani,Chicken Dum biryani - 350 gm Rice / 100 -120 gm Chicken + Salan + Raitha
1099337,Vada,1275,1275,4353,Vada, 
811448,Fried Rice Chicken,1275,1275,6404,Fried Rice Chicken,"Manchurian sauce, pickled Onion Lemon -250gm"
1151429,Idli - 3pc ,1275,1275,6566,Idly - 2 Nos & 1 No Vada,"(3pc of 50g of Idli each, 75g of Sambar, 1 type of  Chutney 35g) 325 gms"
779084,Medu Vada 1 No,1274,1274,3608,Medu Vada,      
1014749,Veg Meal,1272,1272,4090,Veg Meal,"<br>ASSORTED GREEN SALAD
<br>GARLIC BREAD
<br>DHANIA SHORBA
<br>PLAIN RICE
<br>STUFFED CHILIES
<br>TAWA PULAO
<br>DAL DHABA FRY
<br>DUM ALOO (DRY)
<br>KADAI PANEER
<br>PLAIN CHAPATI
<br>LACCHA PARATHA
<br>JALEBI + Rabadi
<br>CURD
<br>CURD RICE
<br>PICKLE
<br>FRAYAMS
<br>MOUTH FRESHNER"
1157806,Veg - Meals Dinner,1264,1264,9951,Veg Meals Dinner - Careleon,"Mexican salad - 150 kcal
Laccha paratha - 225 kcal ,allergen ,gluten
Brown rice - 112 Kcal
Buent garlic rice -320 kcal
pumpkin dal - 160 kcal
Sorakaya chana - 220 kcal
Plain curd - 65 kcal
Khaja - 380 kcal , allergen ,gluten"
1091311,Chicken Biryani.,1262,1262,4633,Chicken Biryani - Half,Dum Biryani
692279,Filter Coffee(Regular),1262,1262,3442,Coffee,
1094746,Masala Chaai ,1262,1262,4318,Masala Chai, 
816996,Veg Meal,1262,1262,4348,South Indian Veg Meal,"<br>   (Chapathi 2 pcs)  Allergen- Contains gluten
<br> (Aloo Mutter  80 Grams)
<br>  (Kesri Chawal 150 Grams)
<br>   (Steamed Rice 100 Grams)
<br>   (Rasam 80 Grams)
<br>   (Dal/Sambar 100 Grams)
<br>   (Curd 80 Grams)   Allergen- Contains dairy
<br>   (Salad 50 Grams)
<br>   Papad"
1174276,Chicken Biryani,1258,1258,3233,Chicken Biryani,An aromatic rice and chicken preparation cooked with spices
703831,BISCUITS 2,1249,1249,467,Good Day Biscuits - 20/-,   
662023,Curd,1248,1248,792,Milk Product 12% - 40/- 22029930,          
941737,Filter Coffee-110 Ml,1239,1239,5436,Filter Coffee, 
1169403,Varietiy Rice,1237,1237,4759,Mushroom Sandwich,""
854949,Boiled Egg ,1235,1235,3429,Boiled Egg, 
997366,Boiled Egg  (2Pc),1235,1235,6357,Boiled Egg - pcs,
1038936,South Indian Veg Meal,1233,1233,5773,Penne Alfredo Chicken,"Veg Poriyal, Kootu, Sambar/Kara Kolambu, Pepper Rasam, White Rice, Chapathi, Veg Kurma/Peas Masala/Channa Masala, Buttermilk & Pickle, Sweet, Pappad"
868318,Plain Dosa ,1230,1230,4607,Plain Dosa,"1No, 100 Ml Sambar & Two Chutney With 35Ml"
699192,Podi Dosa,1230,1230,4736,Podi Dosa,"Serving Size:100 gms
Allergens Information:
Contains Soy"
1175557,Vadapav,1227,1227,3605,Vada PaV,Deep fried potato dumpling placed inside a Pav served with Chutneys and fried green chilli
1151462,South Indian Meal,1226,1226,7251,South Indian Meal,"Regular -(Rice - 350g, Sambar/ Kara Kulambu - 100 ml, Rasam - 50 ml,Poriyal - 70g, Butter Milk - 50ml, Pappad -1 and Pickle - 5 g)550 gms"
1059821,Omlet - Double Egg,1222,1222,4220,Omelette - Double Egg - Hen,
660853,Podi Masala Dosa,1217,1217,6176,Podi Masala Dosa,"Serving Size: 120gms Dosa + 100 ml sambar + 100 ml chutney 
Allergens Information:
Contains Soy"
1016726,Veg Meal,1216,1216,4090,Veg Meal,"Steam Rice (250grams),
Flavored rice ( 150grams),
Dal (100grams),
Sambar (100grams)
 veg dry Item (80grams),
Veg curry (100grams),
Chapati (2pcs),
Chutney (15grams),
Fryum's (10grams),
Sweet (80grams)."
907743,Curd Rice - Counter - 02,1214,1214,4360,Curd Rice,"<BR> Curd rice  - 250 gms,
<BR> Brinjal peas masala poriyal - 80 gms,,
<BR>  Pickle & Fryums"
1043749,Set Dosa vadacurry - Counter - 03,1211,1211,6168,Set Dosa,"<BR> Set Dosa - 2 pcs,
<BR> Vadacurry - 120ml"
536918,Tea 100ml,1208,1208,3444,Tea,
1132462,Egg Biryani,1206,1206,3234,Egg Biryani,"<BR> Rice – 300 gms with 2nos boiled egg,
<BR> Brinjal Gravy – 80gms,
<BR> Onion raitha"
993770,Wednesday Spl Veg Meal,1205,1205,4090,Veg Meal,"Crispy Veg Salad
Chappati/Phulka
Bindi do pyaza 
White Rice 
Keera Pappu
Rasam
Yam Chops
Appalam /  Pickle 
Curd/Buttermilk
Banana
veg biriyani
Irani Samosa
Lime Mint Cooler
Alt-Cut Fruits"
1007905,Masala Dosa,1204,1204,3719,Veg masala Dosa, 
1129200,Chicken Salad,1204,1204,3551,Chicken Salad,
576874,Veg Sandwich,1202,1202,3593,Veg Sandwich,Seasoned vegetables sandwiched in two bread slices served with ketchup
1005961,Cold Coffee,1201,1201,4323,Cold Coffee,
1073233,South Filter Coffee,1199,1199,3442,Coffee,"Coffee, brewed with the addition of additives such as sugar, milk, cream or added flavors"
1151454,All Varieties of Vada - 1pc,1198,1198,6785,Savala Vada,60 g
1102737,Veg Meal,1198,1198,5610,Thai Veg Meal,"Steamed Rice,  
<br>Chapati, 
<br>Dal Tadka, 
<br>Hong Kong Style Veg., 
<br>Paneer Lababdar, 
<br>Salad 
<br>Raita 
<br>Indian Sweet 
<br>Pick-up Time- Within 10 minutes from time of order"
918848,Ground Nut Barfi,1198,1198,5336,Barfi,
1179010,Masala Omelette(2) With Bread Slice(2),1196,1196,4221,Omelette - Single Egg - Hen,""
1077730,Samosa,1190,1190,4452,Samosa,2 Pieces
1188673,Veg thali,1188,1188,4090,Veg Meal,"paneer chatpata
aloo palak
Plain Rice
Varan
Chapati
Salad
Jalebi"
978632,"Chapathi, Flavoured Rice With Veg Sabji",1188,1188,5966,Flavoured Rice Veg, 
576924,Chilli Bhaji,1186,1186,3623,Chilli Bhajji,"Batter fried snack made from chilli ,served with ketchup"
961534,Egg Curry Combo,1184,1184,4351,Egg Curry,"<br> Palak Chapati (2Pcs) 
<br> Egg Masala (2 nos egg)
<br> Aloo Dum Biriyani
<br>Salad
<br>Papad/Pickle"
797047,Lays Chips ,1184,1184,173,Lays Spanish Tomato - 10/-, 
1029009,Healthy Meal Bowl Veg,1184,1184,5082,Healthy Meal,
1182925,Veg Biryani With Panner,1182,1182,5460,Hyderabadi Paneer Biryani,""
1101686,Premium Meals - Counter - 04,1181,1181,7251,South Indian Meal,"<BR> Steam Rice - 250 gms
<BR> Radish sambar  - 80 gms,
<BR> Tomato Rasam - 80 gms,
<BR> Vatha kuzhambu  - 80ml
<BR> Brinjal moche Poriyal  - 80gms,
<BR> Applam
<BR> Pickle - As Required
<BR> Curd - 80 ml"
1073730,Chicken Biryani - 350gm,1181,1181,4632,Chicken Biryani - Full,"Raitha, Salan, Pickled Onion"
1134557,Plain Tea,1177,1177,3444,Tea,
1049957,Executive - Veg Meal,1177,1177,6635,Limited Veg Meals,"<BR> Mini Laddu
<BR>  Chapathi
<BR>  Veg masala
<BR> White Rice  
<BR> Mango Sambar 
<BR> Pumpkin Mor Kuzhmbu
<BR>   Rasam
<BR> Potato Poriyal
 <BR>Veg Kootu  
<BR> Curd
<BR> Salad
<BR>  Fryums
<BR>   Pickles"
1157560,Coconut Water,1174,1174,4953,Juice,
937925,Masala Omelets (2Eggs),1174,1174,4383,Masala Omelette, 
1184463,SDR Uzhunnu Vada,1173,1173,4211,Ghee Vada,
1081390,Chicken Biryani,1172,1172,4632,Chicken Biryani - Full,"<br>Bhatkali Chicken Biryani
<br>Onion Raita
<br>Baingan Ka Salan
<br>Samiya Kheer"
1061529,Boiled Egg (3 Pc),1170,1170,6357,Boiled Egg - pcs,
1123444,Boiled Egg (1 Pcs),1164,1164,3429,Boiled Egg, 
1077896,Plain Rice,1162,1162,5974,Plain Rice,150 gms
576813,Bread Omelette,1160,1160,3432,Omelette with Bread,"Eggs cooked with onion, tomato,green chilli and corriander on a griddle served with bread"
1096198,Veg Pulav,1157,1157,6575,Veg Pulav With Raitha,Veg Pulav + Raita
606207,Egg Pakoras,1156,1156,6734,Egg Pakoras,2 egg (4 Pices)
554458,Boiled Egg,1152,1152,840,Non MRP SKU - 996333,2 Eggs
868326,Egg Dosa,1152,1152,5931,Rava Dosa,"1No, 100 Ml Sambar & Two Chutney With 35Ml"
990735,Sweet,1150,1150,7119,Sweets,Sweet
868474,Omelette - Counter - 05,1146,1146,4383,Masala Omelette,  
1192171,Samosa - 1 Pc,1145,1145,4452,Samosa,
1161027,Vegetable Meals,1144,1144,4954,Meals,""
750397,Biscuits-Rs 10,1142,1142,2216,Britannia Treat Biscuits Strawberry - 10/-,
914427,Bisibelebhath Combo,1142,1142,3231,Bisibelle Bhath,"<br> Bisibelebath  (250 gm   134  kcals)
<br> Poha Mixer 
<br> Curd Rice
<br> Papad"
1160507,Non Veg Dinner,1141,1141,5841,Non Veg Dinner,"<br>butter roti
<br>Bhindi Peanut fry 
<br>White Rice
<br>corn pulao
<br>ACHARI DAL
<br>Pepper Rasam
<br>Curd
<br>gold finges
<br>pickle/Salad
<br>Gajar Ka halwa
<br>BIHARI  Chicken MASALA"
1043553,Life Tea,1140,1140,3444,Tea,"Tea, brewed with the addition of additives such as sugar, milk, cream, or added flavors"
1069497,Butter Milk,1135,1135,3314,Buttermilk,
1141583,Plain Biryani,1134,1134,4558,Plain Biryani,
1111251,Chicken Biryani,1134,1134,3233,Chicken Biryani,"Raitha,salan,pickled onions -350gm"
879915,Hyderabadi Chicken Biryani Half,1128,1128,4633,Chicken Biryani - Half,
860094,Regular Chicken Thali,1127,1127,5531,North Indian Non-Veg Meal - Chicken,"Rice/Roti
<br>Dal
<br>Chicken
<br>Sabji Dry
<br>Green Salad
<br>pickle 
<br>Papad
<br>Sour Curd"
1109682,Nonveg Snacks1,1126,1126,3634,Egg Bonda,Chicken Pakoda+Salad
1164300,Elaichi Tea,1126,1126,6871,Elaichi Tea,110 ml
720485,Quick Lunch,1125,1125,4938,Mini Meal, 
576974,Veg Sandwich,1124,1124,3593,Veg Sandwich,Seasoned vegetables sandwiched in two bread slices served with ketchup
858501,Mini Fish Thali,1123,1123,3466,South Indian Fish thali.,"Rice/roti
<br>Dal
<br>Fish"
836703,Mid Eastern Wraps - Non Veg,1121,1121,5770,Wok Works - Non- Veg,"Mid Eastern Chicken Wrap- with Garlic Yogurt and pickled veggies
<br>Mid Eastern Chicken Wrap
<br>Garlic yogurt
<br>Pickled veggies"
760069,Tea,1120,1120,3444,Tea,"Tea, brewed with the addition of additives such as sugar, milk, cream, or added flavors"
1006559,Misal Pav 2 Pcs,1117,1117,3334,Misal pav,Misal served with pav
805304,Perk,1117,1117,646,Perk - 10/-, 
1004339,Masala Dosa,1117,1117,6145,Masala Dosa,  
836673,Add on Sweet,1115,1115,4955,Add on,Gulab Jamun
947367,Cream Roll,1115,1115,6248,Cream Roll,  
1006551,Idli 2 Nos,1114,1114,3651,Idli,COIN IDLI
824194,Omelette,1113,1113,3430,Omelette, 
824294,Steamed Rice Dal Combo,1105,1105,4676,Steamed Rice with Dal,Steamed Rice - 250g + Chapati - 1 No + Dal - 120g +  Veg Dry - 80g + Pickle  + Salad (30g)
1091289,Chapati,1105,1105,4214,Chapati, 
1008582,Chapati,1103,1103,5925,Chapathi, 
1057547,Pav Bhaji,1102,1102,3356,Pav Bhaji, 
1042668,Visitor Veg Grill Cheese Sandwich,1102,1102,5613,Tomato Cheese Sandwich,
958383,Chicken Biriyani With Egg,1101,1101,7434,Special Lunch,Chicken Biryani+Brinjal gravy+Onion raitha+sweet+egg
576919,Cream Roll,1098,1098,6248,Cream Roll,Pastry crust with cream filling
1122627,Egg Omelet,1096,1096,7343,Egg,      
433382,Idli 2 No's,1095,1095,3651,Idli,
990728,Chicken curry,1095,1095,5360,Chicken Curry,CHICKEN KOLHAPURI
663855,Curd Rice,1093,1093,903,Curd Rice,"Served with Pickles
Serving Size: Rice 300gms + Pickle 10gms 
Allergens Information:
Contains:"
871956,Noodle soup bowl - Non Veg,1091,1091,5587,South Indian Non-Veg Packed Meal,"Korean chicken  soup noodles Bowls
<br>Instant noodles
<br>Chicken Soup (with chicken chunks)
<br>Toppings"
1102845,Hot Coffee,1090,1090,7247,Ginger Coffee, 
1187423,SDR Tea With Milk,1090,1090,4138,Ginger Tea,
925076,Veg. Cutlet.,1089,1089,4315,Veg Cutlet,60 gm
1162048,Veg Mini Meal,1088,1088,6635,Limited Veg Meals,"<br>White Rice
<br>Sambar
<br>Rasam
<br>Veg Gravy 
<br>Papad
<br>Pickel"
608115,Extra Chapati (1 pc),1088,1088,4214,Chapati,
1042707,Staff Coffee,1086,1086,3442,Coffee,"Coffee, brewed with the addition of additives such as sugar, milk, cream or added flavors"
1173561,Coffee (110 Ml),1085,1085,3442,Coffee,""
1101726,Medhu vada - Counter - 03,1085,1085,6583,Medhu Vada -2Nos,   
829750,Butter Cookie - 3 Pcs,1084,1084,4095,Butter Cookies, 
967202,Masala Dosa,1084,1084,6145,Masala Dosa,Served with Samber and Chutney
868331,Medhu Vada,1084,1084,3608,Medu Vada,1 Pc - 45 Gms
1059812,Masala Dosa,1078,1078,6145,Masala Dosa,"Crisp rice and lentil crepes stuffed with spiced savoury potato filling , served with sambar and coconut chutney"
1057526,Ginger Chai,1078,1078,4138,Ginger Tea, 
576859,Bread Pakoda ,1074,1074,3625,Bread Pakoda,Deep fried bread fritters stuffed with spiced potato
692278,Ginger Tea(Large),1071,1071,4138,Ginger Tea,
1119206,Masala Dosa,1070,1070,6145,Masala Dosa,
859000,Regular Lunch Veg,1068,1068,4090,Veg Meal,"Roti/rice(300 gm cooked/4 pcs of roti)
<br>dal (180gm after boiling)
<br>sabji wet (125 gm sabji +45 gms gravy)
<br>sabji dry (120 gm sabji)
<br>salad green(100 gms)
<br>pickle (5 gm)
<br>papad (1 pcs)
<br>sour curd (50 gms)"
576839,Boiled Egg,1067,1067,3429,Boiled Egg,Hard Boiled egg Seasoned with salt and pepper
1077755,Bara / Vada,1066,1066,4353,Vada,2 Pieces ( 100 gms )
663854,Special Egg Biryani,1060,1060,3234,Egg Biryani,"Egg Biryani with Raita & Salan.
Serving Size: Egg Biryani 450gms+ Raita 50gms+ Salan 80gms 
Allergens Information:
Contains Soy,Dai,Egg"
836701,Mid Eastern Wraps - Veg,1059,1059,5769,Wok Works - Veg,"Mid Eastern Veg Paneer Wrap- with Garlic Yogurt and pickled veggies
<br>Mid Eastern Veg Paneer Wrap
<br>Garlic yogurt
<br>Pickled veggies"
1189961,Tea,1057,1057,6873,Ginger Elaichi Tea,Flavor Of Both Ginger And Cardamom
1163793,Set Dosa,1055,1055,6168,Set Dosa,Served with 3 nos Dosa + 120g sagu +80g chutney
1040698,Aloo Samosa,1053,1053,4322,Aloo Samosa,1 piece
1179056,Veg Mini Meal,1050,1050,4938,Mini Meal,"Steam Rice
Chapathi ( 2ps )
Green Peace Poriyal
Moong Dal Curry
Sambar
Rasam
Curd
Pickle 
Papad"
859037,Mini Non - Veg Thali,1050,1050,6322,Mini Non - Veg Thali,"Rice/ roti (300gm cooked+4 pcs of roti)
<br>dal (180 gm after boiling)
<br>non veg fish /chicken (100 of nonveg+ 50 gms gravy)"
1170172,Chicken Fry Piece  Biryani (WithBone 3 Pcs) - 300 gms,1047,1047,5724,Chicken Fry Piece Biryani,""
868381,Variety Rice - Counter - 02,1047,1047,4434,Variety Rice,"<BR> Lemon rice - 250gms,
<BR>  Brinjal peas masala poriyal - 80 gms,
<BR> Fryms,
<BR> Thovaiyal, Pickle"
993769,Wednesday Veg Meal,1046,1046,4090,Veg Meal,"Crispy Veg Salad
Chappati/Phulka(Allergen-Gluten)
Rajma Masala
White Rice 
Surakka Pappu
Rasam
Brinjal Moochai Masala
Appalam /  Pickle 
Curd/Buttermilk(Allergen-Dairy)
Banana
Aloo Bonda
Badam Milk(Allergen-Dairy)
Alt-Cut Fruits"
684605,Aloo Paratha,1046,1046,4570,Aloo Paratha,<br> (Preparation Timing = 15 to 20 Minutes Approx.)
798309,Chicken Fried Rice - 350 Gms,1044,1044,6431,Chicken Fried Rice - 350 Gms, 
797701,Vegetable Soup - 200 ml,1044,1044,7270,Vegetable Soup, 
577258,Samosa ,1043,1043,4452,Samosa,
864056,Parotta - 2 Pcs,1041,1041,4457,Parotta,Served with Curry - 100 ml
1009518,Egg Puff,1040,1040,3710,Egg Puff,Spiced egg stuffed oven baked puff pastry
796098,Non Veg buffet Lunch,1038,1038,6634,Limited Non Veg Meals,"<br>INDIAN GREEN SALAD
<br>RAJASTHANI KADHI
<br>KADHAI CHICKEN
<br>MIX VEG
<br>TAWA ROTI/PARANTHA
<br>JEERA RICE
<br>LENTILS SOUP
<br>MOONG DAL BURFI"
1034454,Non Veg Meal,1038,1038,4667,Non Veg Meals,"<br>RAW PAPAYA SALAD
<br>EERA RASAM
<br>SAMOSA
<br>VANGI BATH
<br>LAUKI DAL
<br>ACHARI TAWA VEGETABLES
<br>WHOLE MASSOR MASALA
<br>PLAIN CHAPATI
<br>MASALA CHAPATI
<br>MOONG DAL HALWA
<br>CURD
<br>PICKLE
<br>MOUTH FRESHNER"
1153606,Maska Bun,1038,1038,5465,Jam Maska Bun, 
1165275,Masala Puri,1037,1037,3577,Masala Puri,""
1108261,Fresh Coffee,1036,1036,3442,Coffee,""
981232,Variety Rice ,1032,1032,4434,Variety Rice,   
804892,Chicken Biryani,1032,1032,3233,Chicken Biryani, 
941973,Plain Samosa,1031,1031,4452,Samosa, 
1132074,Orange juice,1030,1030,3288,Orange Juice,
577699,Veg Burger,1027,1027,3596,Veg Burger,Seasoned vegetables patty sandwiched in toasted bunns
749684,Veg Biryani ,1027,1027,6520,Veg Biryani,"ONION SALAD
VEG BIRYANI 
MIRCHI KA SALAN
MIX VEG RAITA"
824233,Kerala Paratha,1026,1026,4641,Kerala Paratha, 
1122508,Classic Golden Corn Pizza,1025,1025,6276,Veg Pizza, 
1133346,Chapathi With Veg Gravy,1024,1024,6286,Chapati with Desi Butter Chicken,  
797981,Egg Puff - 70 Gms,1024,1024,3710,Egg Puff, 
997344,Sada Dosa,1022,1022,6157,Veg Machurian Dosa,PREPARATION TIME IS 10 TO 15 MIN
837657,Pongal,1020,1020,4460,Pongal,
716015,Diet Coke 300 Ml,1019,1019,2686,Diet Coke - 40/-,         
1005943,Veg Burger,1019,1019,3596,Veg Burger,""
1061171,3 pc Chapati with Veg Curry(120gm) with Dal(120gm),1019,1019,4700,Chapathi 3pcs with Mix Veg Kuruma,3pcs Chapathi + Chana paneer masala (120gms) + Dal(120gms)
1192172,Bread Pakoda,1019,1019,3625,Bread Pakoda,Deep fried bread fritters stuffed with spiced potato
987919,Batata Vada Pav (Single),1019,1019,3605,Vada PaV,Deep fried potato dumpling placed inside a Pav served with Chutneys and fried green chilli
729583,Veg Biryani/veg Pulao,1019,1019,6520,Veg Biryani,        
979041,65 Briyani,1017,1017,4708,Chicken 65 Biryani, 
1171898,Samosa,1015,1015,4230,Veg Samosa,
1042634,Visitor Veg Grill Sandwich,1014,1014,7264,Tlc-Tomato Cucumber Lettuce Sandwich,
1169396,Chapathi With Gravy,1014,1014,4759,Mushroom Sandwich,""
1059836,Chicken Biryani -350gm rice/ 100-120gm Chicken,1014,1014,3233,Chicken Biryani,Chicken dum biryani 350gms  Mirchi ka salan 80gms  Raitha 80gms
991958,Poori With Chenna Masala,1013,1013,5938,Poori With Chenna Masala,  
988153,Veg Thali,1012,1012,6635,Limited Veg Meals, 
1123283,Poori,1008,1008,6633,Poori,"Semi dry curry i.e., Boiled potato curry or Aloo Gobi curry or chana masala curry -120 gm"
1057297,Veg Biryani,1006,1006,6520,Veg Biryani,"<br>Donne Vegetable Biryani
<br>Salan
<br>Raita"
897611,Rice Bath,1006,1006,7438,Rice Bath,Vangi Bath + Chutney
1059860,Aloo Samosa,1005,1005,4322,Aloo Samosa,
1057529,Luchi Aloo Dum,1005,1005,5867,Luchi Aloo Dum, 
1099369,Plain Dosa,1004,1004,4607,Plain Dosa, 
858499,Regular Fish thali,1003,1003,3464,North Indian Fish Thali,"Rice/Roti
<br>Dal
<br>Fish
<br>Sabji Dry
<br>Green Salad
<br>pickle 
<br>Papad
<br>Sour Curd"
1140426,Chicken Kabeb,1003,1003,5524,Natti Chicken Kebab,4 peices of Chicken Kabeb
1137153,Onion Vadai,1000,1000,4353,Vada,
577682,Chicken Sandwich,997,997,3594,Chicken Sandwich,Seasoned chicken sandwiched in two bread slices served with ketchup
1089799,Plain Biryani,996,996,4558,Plain Biryani,400 gms Rice + Raita + Brinjal
1068651,Chat,994,994,8574,Chaats,
1017154,Masala Dosa,992,992,6145,Masala Dosa,
890761,Biryani (Non Veg),991,991,5724,Chicken Fry Piece Biryani,"<br> Thalapakatti Chicken Biriyani
<br> Raita
<br> Salan
<br> Laccha Onion"
967194,Steamed Idli,989,989,6551,Idly With Sambar & 2 Type Chuttney,Served with Samber and Chutney
892428,Chicken Dinner,988,988,5841,Non Veg Dinner,"<br>Veg fried rice +Chowmin 
<br>Sweet & Sour Veg 
<br>Garlic chicken 
<br> Salad+Custard"
1150517,Veg Full Meal,987,987,4090,Veg Meal,"<br> Steamed Rice
<br> Veg fried rice
<br> vanakaya pulusu
<br> tomato pappu
<br> Rasam
<br> Mixed vegetable jalfrezi
<br> Green salad
<br> Curd
<br> Pickle /fresh pachadi
<br> Fryums
<br> Phulka
<br> kala jamun"
1006465,Full Non Veg Egg Meal,986,986,6363,Non-Veg Meals,"CHANA CHAAT,
EGG MALWANI,
MATKI MASALA,
DAL MAKHANI, 
CORIANDER RICE,
CHAPATI,
MANGO SHEERA"
1192319,Samosa - 1 Pc,985,985,4452,Samosa,
1073602,Dal Khichdi,985,985,6097,Veg. Biryani,
779143,Chicken Fried Rice,985,985,3497,Chicken Fried rice,      
937914,Chicken Biryani,982,982,6354,Chicken Biryani - With Boiled Egg,(350 gms Biryani +100 gm Chicken+ 80 gm raitha + 40 gm brinjal Salna)
974994,Chicken Dum Biriyani,981,981,5361,Chicken Dum Biryani,     
874954,Egg Fried Rice,979,979,3496,Egg Fried rice,"Manchurian sauce, pickled Onion, Lemon -250 gm"
1177743,Staff Fish Thali,978,978,7124,Fish Thali,
1049958,Variety Rice,977,977,4434,Variety Rice,Keera Rice
1008265,Black tea,976,976,3445,Black Tea,None
1042618,Visitor Veg Upma,975,975,3715,Upma,With Coconut Chutney
1157985,Chicken Biryani - 350 gm Rice / 100 -120 gm Chicken,975,975,5457,Hyderabadi Chicken Dum Biryani,chicken dum Biryani (350gms) + Raitha(80gms) + Mirchi ka salan(80gms)
836674,Chapathi,973,973,4955,Add on,Chapati 2pc
859001,Mini Veg Thali,972,972,4335,Mini Veg Thali,"Rice/roti (300 gm cooked+4 pcs of roti)
<br>dal (180 gm after boiling)
<br> sabji wet(125 gm sabji + 45 gms gravy)"
1029712,Extra Chapati (1 Pc),969,969,6923,Extra Add On,
923569,Executive Non Veg Meal,968,968,6634,Limited Non Veg Meals,"<br> Gulab Jamun
<br> Chapathi
<br> Veg Kurma
<br> Steamed Rice 350g
<br> Rasam   
<br>Chicken Gravy
<br> Egg Gravy
<br> Green Salad 30g
<br> curd 50g
<br> Fryums
<br> Pickle
<br> Appalam"
1101427,Sambar Rice,968,968,3200,Sambar Rice, 
663895,Ghar Ka Khana,966,966,5317,Ghar ka Khana,"Dum aloo Kashmiri, Dal fry, Chapati, Plain Rice, Pickle, Sweet
Serving Size:  Veg Curry 200gms + Dal 100gms + Chapathi 2 nos + 150gms Plain Rice + 10gms Pickle, Sweet 80gms
Allergens Information:
Contains Soy,Dai"
1004993,Veg Lunch,963,963,4090,Veg Meal,"Green salad
Chapathi
Plain Rice
Samber Rice
Gutti Vankaya
Cluster Beans Fry
Palak Dal
Fresh Chutne
Curd
Fryums
Chandra Kala"
1024848,Black Tea,959,959,3445,Black Tea,Plain brewed tea
1079527,Chicken Puff,958,958,3711,Chicken Puff,80gm
843735,Combo Non- veg,955,955,6634,Limited Non Veg Meals,"<br> Paratha (2 pcs)
<br> Chicken keema matar 
<br> Salad"
576833,Usal Pav,954,954,3333,Usal pav,Ussal served with pav
1141584,Special Exective lunch,953,953,7434,Special Lunch,
727345,Unibic,953,953,2743,Unibic ChocoChip Cookies 10/-,
1102747,Chicken Combo,952,952,6508,Chicken Tandoori,"Steamed Rice/ Tandoori Roti, 
<br>Pahadi Chicken Curry, 
<br>Salad
<br> Pick-up Time- Within 10 minutes from time of order"
1064855,Salted Cookies,951,951,10257,Salted Cookies,100 Gm
1101689,Executive Meals - Counter - 04,950,950,5592,South Indian Veg Packed Meal,"<BR> Steam rice  - 250 gms,
<BR> Chapathi - 1 pc with Black channa kurma,
<BR> Radish sambar  - 80 ml, 
<BR> Tomato rasam - 80 ml, 
<BR> Vatha kuzhambu- 80 gms,
<BR>  Brinjal moche poriyal -80 gms, 
<BR> Sorakkai kootu  - 80 gms,
<BR> Appalam,
<BR> Pickle - As Required,
<BR> Salad - 20 gms,
<BR> Sweet-  Pineapple kesari - 80 gms,
<BR> Curd - 80 ml"
690667,Onion Dosa,948,948,4612,Onion Dosa,"Serving Size: 120gms Dosa + 100 ml sambar + 100 ml chutney 
 Allergens Information: Contains Soy"
1035766,Veg Sandwich- Plain,948,948,4473,Veg Sandwich - Full,
608112,Sev Puri,947,947,3580,Sev Puri,"Pani puri stuffed with white peas curry ,topped with chutnies ,curd and sev"
1157913,3 PC Chapathi + Paneer Curry(120 gm)+Dal(120 gm),947,947,5975,Chapathi with Paneer Butter Masala,3 pc Chapathi +  Mix Veg Paneer Kheema Masala +Dal
991946,Masala Dosa,946,946,6145,Masala Dosa,  
1182924,Mutton Biryani,945,945,4349,Mutton Biryani,""
1151439,Mushroom Masala ,945,945,4733,Mushroom Dosa,"(100g of Dosa with 75 g masala, 100 ml of Sambar, 1 type of  Chutney 35g) 345 gms"
842125,Podi Dosa,943,943,4736,Podi Dosa,
1158384,Ragi Roti,943,943,6564,Ragi Dosa,Two - 60 gms each + 100ml cutney + 120gm Tomato Curry
843718,Mini Chicken Thali,942,942,3460,North Indian Chicken Thali,"<br> Rice/Roti
<br> Musoor Dal
<br> Methi Chicken
<br> Salad"
1135116,Ambur Chicken biryani,941,941,6131,Dum Biriyani - Chicken,Serving 2 pieces chicken with raita and salan
991964,Veg Biryani,939,939,6520,Veg Biryani,  
1008914,Uzhunnu Vada,938,938,4212,Uzhunnu Vada,
1033046,Packed Products,937,937,4145,Breakfast Packed Meal,PACKAGED PRODUCTS
1120407,Hyderabadi Chicken biryani - Counter - 04,937,937,6136,Hyderabadi Chicken Biriyani,"<BR>Basmati rice biryani - 300 gms
<br> Chicken - 125 gms
<br> Boiled egg - 1pc
<br> Onion raita
<br>Brinjal gravy"
1175186,Cold Coffe,931,931,4323,Cold Coffee,""
990726,Special Bhaji,931,931,3629,Paneer Bhajji,Paneer tikka masala
1132595,Coffee 100ml,930,930,3442,Coffee,"Coffee, brewed with the addition of additives such as sugar, milk, cream or added flavors"
1013340,Filter Coffee,928,928,5436,Filter Coffee,100ml
1039799,Snacks Event,928,928,5921,Staff Meal,
821514,Egg Fried Rice,927,927,3496,Egg Fried rice,"Manchurian sauce , pickled Onion , Lemon -250gm"
1073805,Roti,927,927,5925,Chapathi, 
1151442,Parotta with Kourma,926,926,4457,Parotta, (2pc of Parotta each 40g served with 125g of Veg Kourma) 245 gms
871955,Noodle soup bowl - Veg,926,926,5592,South Indian Veg Packed Meal,"Korean Veg Soup Noodles Bowls
<br>Instant noodles
<br>""Veg Soup
(with veg and paneer)""
<br>Toppings"
557241,Bread Butter Jam,925,925,840,Non MRP SKU - 996333,
1124314,Spdp,923,923,3580,Sev Puri, 
1124306,Bhel,922,922,3573,Bhel, 
1081393,Veg Biryani,921,921,6520,Veg Biryani,"<br> Awadhi Vegetable Biryani
<br>Onion  Raita
<br>Baingan Ka Salan
<br>Samiya Kheer"
981235,Thaali Meals with sweet,920,920,6635,Limited Veg Meals,"(White Rice, Sambar,rasam,curd,kara kulambu,potiyal,kotu,sweet, pickle and salt,dry chilli, papad)"
858342,Pulao,920,920,3218,Vegetable Pulao,250 Gram Basmati Rice
1163672,Boiled Egg,920,920,3429,Boiled Egg,""
982691,Veg Dum Biryani,920,920,6520,Veg Biryani,*Hyderabadi Biryani
897608,Dahi Vada,920,920,4356,Dahi Vada, 
1138451,Veg Biryani,919,919,6520,Veg Biryani,"Veg biriyani 
Raitha/Salan"
1096305,North Indian Jumbo Non Veg Thali ,915,915,3460,North Indian Chicken Thali,Chicken Kolhapuri 3 piece + Chapati 4 piece + Steam Rice + Salad + Papad + Coconut Laddu
577679,Chicken Burger,914,914,3598,Chicken Burger,Seasoned chicken patty sandwiched in toasted bunns
818122,Vada,914,914,4353,Vada,
1023399,Idly Vada Combo,911,911,6566,Idly - 2 Nos & 1 No Vada,Idly - 2 Nos and 1 No Vada
1097248,Non Veg Meals,911,911,4667,Non Veg Meals,"Rice, chicken gravy with 1 pcs, Chicken 65 1 pcs, Egg 1 nos, Rasam & Butter Milk"
951989,Pancaks With Nutella And Caramel Sauce,910,910,5997,Nutty Nutella Waffles,Min Wait Time: 15min
1043753,Chappathi with Egg Bhurji - Counter - 03,910,910,5939,Chapathi With Egg Bhurji,"<BR> 3nos Chapathi,
<BR> 120gms Egg Burji"
433384,Idli Vada,908,908,3332,Idli Wada,
1161295,Non Veg Meals,908,908,6363,Non-Veg Meals,"Coriander Rice
Soya Chaap Masala
Chicken Handi
Dal Handi 
Roti
Kachumber Salad
Pudina Raita
Sevai Kheer"
797022,Lays Chips ,906,906,173,Lays Spanish Tomato - 10/-, 
856420,North Thali(veg),905,905,4348,South Indian Veg Meal,"<br>Cabbage pakoda
<br>Carrot peas pulao 
<br>Paratha 
<br>Rajma masala 
<br>Soya aloo dry
<br>Toor dal tadka 
<br>Sweet
<br>Raita"
703838,BISCUITS ,902,902,467,Good Day Biscuits - 20/-,   
1137204,Supporting Staff Lunch,900,900,5921,Staff Meal, 
824296,Steamed Rice Chicken Curry Combo,899,899,4678,Steamed Rice with Chicken Curry,Steamed Rice - 250g + Chapati - 1 No + Chicken Curry (60g Chicken) - 120g +  Veg Dry - 80g+ Pickle  + Salad (30g)
952268,Treat- Chocoltate,898,898,5990,Milk Chocolate, 
797980,Samosa - 70 Gms,898,898,3604,Punjabi Samosa, 
880546,Crispy Veg Roll - 1 Pc,897,897,4234,Veg Roll,
816999,Snickers,897,897,959,Snickers - 20/-,
720489,Variety Rice,897,897,4434,Variety Rice, 
1175162,Hazelnut Coffee,896,896,3442,Coffee,""
1192159,Poha,895,895,3336,Poha,Flattened rice preparation spiced with Indian Spices
937922,Boiled Egg ( 1 Piece ),893,893,3429,Boiled Egg, 
990733,Papad,893,893,6568,Sambar Rice With Papad & Poriyal,""
1137145,Puliyodarai Rice,891,891,3198,Puliyogare (Tamarind Rice),Tomato rice
720465,Plain Dosa,890,890,4607,Plain Dosa, 
1009817,Fresh Lime,890,890,7126,Fresh Lime Juice,
1107952,Boiled Banana,889,889,3530,Banana,Fresh Banana
1082173,Waah! Chicken  Hyderabadi Dum  Biryani ,888,888,5457,Hyderabadi Chicken Dum Biryani,   
577703,Chocolate Doughnut,887,887,3404,Chocolate Doughnut,Deep fried sweetbread smeared with chocolate sauce
1042633,Visitor Veg Sandwich,887,887,4761,Aloo Sandwich,
957882,Onion Tomato Uttapa,885,885,6166,Masala Uttappam,
1121477,Veg Dinner,881,881,5131,Veg Dinner,"<Br> SUBZ MELONI
<Br> DAL TADKA  
<Br> PLAIN RICE 
<Br> TOSSED SALAD
<Br> CHAPATI
<Br> SWEET ( SUJI HALWA )"
1178992,Tawa Aloo Paratha With Pickle,880,880,4570,Aloo Paratha,""
1096210,Veg Hakka Noodles  with schezwan chutney,880,880,6429,Veg Noodles - 350 Gms,"Noodles - 250 gms,Veggies - 80 gms Total - 330 gms"
1141595,Egg Biryani,878,878,7147,Hyderabadi Egg Biryani,Serving 2 pieces egg with raita and salan
1158513,Extra Chicken 3 piece,878,878,5360,Chicken Curry, 
1130951,Poha,878,878,3336,Poha,Flattened rice preparation spiced with Indian Spices
927783,Mini Meals.,878,878,4954,Meals,"Chapathi 1PC With Kurma,Sambar Rice,Curd Rice,Poriyal,Chips or Appallam,Pickle,Sweet (500 Gms)"
1042622,Visitor Steamed Idli,877,877,3651,Idli,With Sambhar Chutney
988078,Chicken Biryani,875,875,3233,Chicken Biryani,CHICKEN DUM BIRYANI
1157911,3 pc Chapathi +Veg Curry(120 gms)+Dal(120 gms),875,875,4700,Chapathi 3pcs with Mix Veg Kuruma,3 pc Chapathi + Chana Masala+Dal
1009832,Mini Rice,875,875,6635,Limited Veg Meals,
1087866,Bun Butter Jam,875,875,5851,Bun Butter Jam, 
1096855,Butter Masala Dosa With Chutney Sambar,874,874,6165,Butter Dosa,Preparation time 10-15min approx.
1097239,Chicken Biryani,873,873,3233,Chicken Biryani,"Rice 400 gms, Chicken 100 gms, Raitha 60 gms, Gravy 60 gms"
1163556,Potato Chips,873,873,6695,Potato Chips - 100Gms,""
837407,Addon Subji,871,871,4955,Add on,
824174,Parippu Vada,871,871,4202,Parippu Vada, 
1046394,Staff Misal pav,871,871,3334,Misal pav,""
1130952,Vada Pav,871,871,3605,Vada PaV,""
1052651,Tea (With 2 ps Marie Biscuits),868,868,3444,Tea,"Tea, brewed with the addition of additives such as sugar, milk, cream, or added flavors"
1188717,Baby Corn Paneer Biryani - 300 Gms,868,868,10419,Baby Corn Paneer Biryani,""
855185,Plain Biriyani,867,867,4558,Plain Biryani,400 Gms
1009824,Idiappam,867,867,6961,Idiyappam,
980783,Veg Puff,867,867,4191,Veg Puff,""
824274,Veg Meals With Out Payasam,866,866,4668,Veg Meals Without Sweet,"Rice White/Chemba (Unlimited), Sambar 75Ml + (50Gm  Veg Curry+ 50 Gm Veg Dry , Pappad, Pickle +Rasam 50Ml"
851037,Aloo Samosa,865,865,4322,Aloo Samosa, 
1160079,Chicken kebab Biriyani,865,865,7284,Chicken Kebab Biryani,
561749,Non Veg Lunch,864,864,840,Non MRP SKU - 996333,
1158369,Avalakki - Poha,863,863,3336,Poha,200 gms + 60 ml Chutney
812759,Yoga Bar Breakfast Protein Bar,863,863,2456,Yoga Bar Protein Bar Blueberry Pie - 50/-, 
1132591,Lemon Tea 100ml,863,863,3444,Tea,""
1005780,Chappathi,862,862,5925,Chapathi,
892415,Veg Lunch,862,862,4348,South Indian Veg Meal,"<br>Rice/Roti
<br>Dal
<br>Shukto
<br>Aloo Dum
<br>Salad+Papad+Sweet"
577672,Poori Bhaji,861,861,4618,Poori with Sagu,Deep fried Indian bread served with aloo bhaji
990759,Ghee Rice + Chicken Gravy ,861,861,6059,Ghee Rice with Chicken carry,400g Rice + 100g Meat
1197357,Chole Bhature,859,859,3353,Chole bhature,""
1164989,Chapati,859,859,4214,Chapati,
690200,Masala Omelette,857,857,4383,Masala Omelette,
1122959,Egg Fried Rice,856,856,3496,Egg Fried rice,"Manchurian sauce , pickled Onion , Lemon -250gm"
1006464,Full Non Veg Chicken Meal,856,856,6363,Non-Veg Meals,"CHANA CHAAT,
MURGH BHUNNA,
CHICKEN GHEE ROAST,
DAL MAKHANI, 
CORIANDER RICE,
CHAPATI,
MANGO SHEERA"
986157,Chicken Fried Rice,856,856,3497,Chicken Fried rice,  
987999,Onion Uttapam,855,855,4750,Onion Masala Dosa,""
1154308,Boost- 150ml,855,855,3239,Boost Milk,  
1061145,Bru Coffee,854,854,3442,Coffee,"Coffee, brewed with the addition of additives such as sugar, milk, cream or added flavors"
716580,Lays Classic Salted,853,853,677,Lays Classic Salted - 20/-,         
1171896,Parotta(2Pc) With Chicken Curry,852,852,6647,Parotta(2Pc) With Chicken Curry,
764542,Jam Roll (30gm),852,852,2220,Britannia Treat Croissant Choco Cream Roll - 20/-,
918849,Ground Nut Barfi,852,852,5336,Barfi,
1168297,Samosa,852,852,4452,Samosa,
941759,Kal Dosa (2 Piece) & Sambar Chutnye-250Gms,851,851,4455,Kal Dosa, 
577688,Chicken Puff,850,850,3711,Chicken Puff,Spiced chicken stuffed oven baked puff pastry
988105,Veg Fried Rice,847,847,3498,Veg Fried Rice,""
758156,Package Drinking Water(500ml),846,846,2684,Kinley Water 500 Ml - 10/-,  
1037646,Visitor-Veg Sub,846,846,8213,Veg Sub,
1005754,Poori With Masala(3Nos),844,844,6633,Poori,
932519,Cheese Omlette,843,843,6917,Cheese Masala Omelette,Allergen- Dairy & Eggs
1165804,Limited Veg Meals,843,843,6635,Limited Veg Meals,
836618,Juice of the Day [ 200ml ],841,841,4953,Juice,"Watermelon Juice
Cucumber Juice"
433392,Chapati (1no),838,838,5925,Chapathi,""
1101711,2 Nos Idly - Counter - 03,838,838,6551,Idly With Sambar & 2 Type Chuttney,"<BR> Idly - 2 pcs,
<BR> Sambar - 100ml,
<BR> - Two Varieties of chutney each 35ml"
1042686,Staff Vada Pav,835,835,3605,Vada PaV,Deep fried potato dumpling placed inside a Pav served with Chutneys and fried green chilli
923327,Chapati 2nos with Side Dish,833,833,6608,Chapathi (2 Pc) With Kurma,
1119421,Mixed Salad Chicken,833,833,3551,Chicken Salad,*Preparation Time: 10 Mins
884772,Chapati 1No,833,833,4214,Chapati,
974976,Vada Pav 2 Pcs,832,832,3605,Vada PaV,     
1137149,Curd Rice,832,832,4360,Curd Rice,
722515,Amul ButterMilk,832,832,874,Amul Buttermilk - 15/-, 
779141,Egg Fried Rice,831,831,3496,Egg Fried rice,      
1045352,Staff Steamed Idli,831,831,3651,Idli,"Steamed savoury urad dal & rice cakes, served with sambar and chutney"
577651,Bread Omelette,830,830,3432,Omelette with Bread,"Eggs cooked with onion, tomato,green chilli and corriander on a griddle served with bread"
836670,Support Staff Meal,828,828,4954,Meals,Applicable only for support staff
1035745,Gulab Jamun,827,827,3366,Gulab jamun,"Deep fried Soft delicious berry sized balls made with milk solids and flour ,soaked in rose flavored sugar syrup"
851038,Tea Cake,825,825,3423,Tea Cake, 
1157545,Lemon Juice,825,825,3303,Lemon juice,Fresh Lemon Juice served chilled
1028573,Chapathi,825,825,5925,Chapathi,<BR>CHAPATI
991941,Kal Dosa,824,824,4455,Kal Dosa,  
1164960,Chicken Thali,824,824,3460,North Indian Chicken Thali,"<BR> Sukkha Chicken
<BR> Rice Bhakri 
<BR> Plain Rice
<BR> Chicken Rassa
<BR> Salad"
1057782,Kerala Samosa,823,823,4230,Veg Samosa,
956135,Idli Varietys,822,822,4146,Breakfast,RAWA IDLI
1131996,Chicken starter,820,820,6922,Chicken Starter,"<br>chicken Dry 
<br>4 pieces chicken"
1067387,Boost,819,819,3239,Boost Milk, 
1058662,Lemon   Tea,818,818,3446,Lemon Tea,Black tea with sugar and dash of lemon
1060655,Coffee (With 2 ps Marie Biscuits),818,818,5436,Filter Coffee,
660843,Idli (4pcs),818,818,546,Idly,"Serving Size: 04pcs of Idli 45gms (each) served with  Chutney 100ml and Sambar 150ml 
  Allergens Information: Contains Soy"
1104630,ALOO PUFF,818,818,3603,Potato Puff,Oven baked savoury flaky snack stuffed with a potato filling
851029,Veg Puff,818,818,4191,Veg Puff, 
978629,Chappathi With Veg Kuruma,818,818,4700,Chapathi 3pcs with Mix Veg Kuruma, 
875221,Chicken Biryani,817,817,3233,Chicken Biryani,"Raitha , Salan, Pickled Onion -350gm"
1099341,Idly With Sambar & 2 Type Chuttney,817,817,6551,Idly With Sambar & 2 Type Chuttney, 
1079444,Veg Roll,816,816,4234,Veg Roll,100gm
1188724,Chicken 65 Biryani ( With Bone 3 Pcs) - 300 Gms,815,815,4708,Chicken 65 Biryani,""
1067384,Plain tea(110 Ml),814,814,4100,Hi Tea, 
953094,Rice Bowl,814,814,4987,Mango Rice Bowl Veg,"Peas Pulao
<br>Mushroom Matar Masala 
<br>Salad"
1038896,Sambar Rice With Papad & Poriyal,813,813,6568,Sambar Rice With Papad & Poriyal,400 Gms/1pc/80gms
897616,Aloo Paratha,813,813,6610,Parota 2 Pcs With Kurma,"Aloo Paratha 
<br> Curd
<br> Pickle"
1035137,Non Veg Lunch FTE,812,812,6265,Non Veg Lunch,"<BR>Chola Masala
<BR>Aloo Matar Curry
<BR>Achari Hara petha
<BR>Veg Dum Biryani 
<BR>Tawa ROTI/Ajwain Poori
<BR>Onion Tomato  Raita
<BR>Green Stick Salad
<BR>Lava Cake
<BR>Roasted Papad 
<BR>Chicken Butter"
1184437,SDR Black Coffee,811,811,3443,Black coffee,Plain brewed Coffee
695657,Laccha Paratha (1nos),811,811,5132,Laccha Paratha,
858355,Veg Biriyani,811,811,6520,Veg Biryani,250 Gm Rice + 100 Gm Paneer +  50 Gm Potato + 50 Gm 50 Gm Raita + 50 Gm Salad
1077734,Papdi Chat,810,810,6419,Papdi Chat,150 gms
588923,Veg Lunch,809,809,840,Non MRP SKU - 996333,
1167313,Vada Pav,809,809,3605,Vada PaV,Deep fried potato dumpling placed inside a Pav served with Chutneys and fried green chilli
1161164,Chapathi 1No,809,809,4214,Chapati,""
1009826,Appam,808,808,6959,Appam,
1089800,CHICKEN BIRYANI (BASMADHI RICE),808,808,4632,Chicken Biryani - Full,"Biryani Rice 400 gm, Chicken 100 gms, Egg 1, Raita, Brinjal"
1042705,Staff Ready Made Masala Tea,807,807,6872,Masala Tea,Tea With Little Spices Enhances The Taste
608093,Bombay Veg Biryani,806,806,6237,Bombay Veg Biryani,Rice cooked with vegetables and flavoured with spices
1096306,North Indian Non Veg Mini Thali ,805,805,3460,North Indian Chicken Thali,Chicken Kolhapuri  2 pieces + Rice + Chapati 2 piece + Salad
1052935,Choice Of Bhajji,805,805,4354,Assorted Bajji,Aloo Bhaji served with chutney  (120 grams)
1131213,Honey Pudina Tea,805,805,7262,Tea With Honey,
1137141,Dosai,803,803,3653,Dosa,"Crisp rice and lentil Pancakes made of fermented rice and lentil batter , served with sambar and chutney"
1122663,Fresh Lime,802,802,7126,Fresh Lime Juice,      
1130922,Veg Toast Sandwich,799,799,3593,Veg Sandwich,Seasoned vegetables sandwiched in two bread slices served with ketchup
787045,Honey Oatmeal Cookies,798,798,2383,Ritebite Max Protein Cookies Choco Coconut - 50/-,      
1119125,Upma,797,797,3715,Upma,"A popular South Indian Snack made with semolina, spices, herbs, lentils."
576811,Masala Dosa,797,797,6145,Masala Dosa,
1079443,Crispy Chicken Roll,796,796,4235,Chicken Roll,100gm
601403,Chicken Chettinad Biryani,796,796,6300,Chicken Chettinad Biryani,
1195811,Ginger Tea,796,796,4138,Ginger Tea,""
1157807,Non - Veg Melas Dinner,796,796,9952,Non Veg Melas Dinner - Careleon,"Mexican salad - 150 kcal
Laccha paratha - 225 kcal ,allergen ,gluten
Brown rice - 112 Kcal
Buent garlic rice -320 kcal
pumpkin dal - 160 kcal
Thai Chicken - 180 kcal
Plain curd - 65 kcal
Khaja - 380 kcal , allergen ,gluten"
1151427,Idli - 2pc,795,795,6551,Idly With Sambar & 2 Type Chuttney,"(2pc of 50g of Idli each, 75g of Sambar, 1type of  Chutney 35g) 210 gms"
1163147,2 PC Chicken With Biryani Rice,793,793,4433,Biryani Rice - Non Veg,"2 PC Chicken 
<br> Biryani Rice 
<br> Curd"
1124317,Dabeli,793,793,7331,Dabeli, 
981233,Mini Meals ,793,793,4938,Mini Meal,"(Three type of varities rice, chapati and kuruma, sweet,potiyal, papad)"
1188718,Egg Biryani - 300 Gms,793,793,5736,Egg Biryani - 300 Gms,""
851031,Panner Puff,792,792,4766,Paneer Puff, 
1145112,Ulli Vada,792,792,4203,Ulli Vada,
1157967,Extra Chapathi - 1 Pc,791,791,5925,Chapathi,
1109675,Veg Lunch,790,790,4348,South Indian Veg Meal,"Steam Rice/Roti
<br>Dal
<br>Aloo Cabbage Masala 
<br>Paneer Do Piyaza
<br>Salad+Papad+Sujit Halwa"
577667,Veg Biryani With Raita,790,790,3192,Vegetable Biryani,A Preparation of aromatic rice and freshly cut vegetables cooked with spices
1005742,Black Tea,789,789,3445,Black Tea,Plain brewed tea
1057163,Reboot Chai,788,788,3444,Tea, 
1178095,Chicken Biriyani,787,787,3233,Chicken Biryani,250 gm Rice + 100 gm Chicken + 1 Pcs Boil Egg + 50 gm Potato + 50 gm Raita + 50 gm Salad
1058673,Elaichi Tea,786,786,6871,Elaichi Tea,Cardamom Flavoured Tea
1005950,Grilled Paneer Sandwich,784,784,4326,Tandoori Sandwich,Tandoori Paneer Sandwich
1157555,Strawberry MilkShake,784,784,3257,Strawberry MilkShake,Strawberry flavoured milk shake
1146222,Paneer Briyani,783,783,6140,Panner Biryani,300 Gms
578354,Lunch,783,783,6255,Event Lunch,
1162603,Fruit Plate,783,783,3523,Cut Fruits,A melange of freshly cut fruits
1101192,Veg regular thali lunch,782,782,3340,North Indian Veg Thali,Sambar + Arbi Roast + Cumin Pepper Rasam + Lemon Rice + Tawa Roti + Coconut Chutney+ Spicy Chaas + Rawa Kesari Halwa
1157569,Carrot and Beetroot Juice,782,782,3292,Carrot and Beetroot Juice,Carrot and beetroot Juice served chilled
1165272,Samosa,779,779,4452,Samosa,
892414,Fish Lunch,779,779,5585,South Indian Non-Veg Meal - Fish,"Steam Rice/Roti
<br>Dal
<br>Soya Aloo Matar 
<br>Fish Masala 
<br> Salad+Papad+Chutney"
1038913,Chicken Biriyani,778,778,4633,Chicken Biryani - Half,"Rice 400 gms, Chicken 100 gms, Raitha 60 gms, Gravy 60 gms"
941762,Vegetable Biryani With Side Dish-450Gms,778,778,3192,Vegetable Biryani, 
1091306,South Meals,776,776,6962,Kerala Veg Meal, 
1041828,Chapathi With Veg Gravy,774,774,4700,Chapathi 3pcs with Mix Veg Kuruma,Chappathi 2pcs + Veg Kuruma
576850,Chicken Puff,774,774,3711,Chicken Puff,Spiced chicken stuffed oven baked puff pastry
1125677,"Tea (Masala, Ginger, Lemon, Black & Sugarless)",773,773,6873,Ginger Elaichi Tea,110 ml
1163798,Onion Masala Dosa,772,772,4750,Onion Masala Dosa,Served with 1 Dosa +120g Sambar + 80g Chutney
851050,Ghee Cookies 3Pcs,771,771,5660,Ghee Cookies, 
660230,Chicken Kothu parotta,771,771,4471,Chicken Kothu Parotta,Chicken (300 gms) + Raitha 50 gms
1075542,Egg Puff,770,770,3710,Egg Puff,80gm
858348,Chicken Kosha,770,770,5766,Chicken Kosha,Chicken With Bone (Approx 100 Gram)
1124491,Masala Dosa,770,770,6145,Masala Dosa,
914549,Chicken Starter (A La Carte),769,769,6922,Chicken Starter,"<br> Pepper Chicken  
<br> Salad"
851032,Mushroom Puff,767,767,5652,Mushroom Puff, 
576841,Chicken Burger,767,767,3598,Chicken Burger,Seasoned chicken patty sandwiched in toasted bunns
1054343,Boiled Egg (2pcs),767,767,6357,Boiled Egg - pcs,
1008611,Veg Curry,766,766,5618,Veg Curry,
1115866,Shahi chicken biriyani+sweet,766,766,3233,Chicken Biryani,    
1041831,Sambar Rice,765,765,3200,Sambar Rice,Rice 350gms + Poriyal +Appalam+pickle
1101684,Mini Meals,765,765,4938,Mini Meal,"<BR> Chapati -01 nos with Black channa kurma,
<BR> Sambar rice - 100 gms,
<BR> Cauliflower rice - 100 gms,
<BR> Curd rice - 100 gms,
<BR> Brinjal moche poriyal   - 80 gms,
<BR> Fryums or Pappad,
<BR> Pickle, 
<BR> Pineapple kesari- Sweet - 80 gms."
897593,Khara Bath,764,764,4619,Khara Bath,Khara Bath + Chutney
1112569,Samosa Chaat,761,761,4419,Samosa Chaat,100 gm
1108900,Kachori,761,761,4137,Kachori,
1038912,Veg Biriyani,761,761,6097,Veg. Biryani,"400 gms, Raitha 60mgs, Gravy 60 gms"
1119176,Pav Bhaji,759,759,3356,Pav Bhaji,Indian vegetabe and potato spiced curry cooked on griddle served with pav
1151494,Egg Dosai ,757,757,4608,Egg Dosa,"(135g of Egg Dosa, 100 ml of Sambar, 1type of  Chutney Each 35g) 265 gms"
1035748,Veg Cutlet,757,757,4315,Veg Cutlet,
843739,Chicken Biryani,757,757,3233,Chicken Biryani,"<br>Chicken Biryani
<br>Raita 
<br>Salad"
1097250,Chicken Fried Rice,757,757,3497,Chicken Fried rice,400 Gms
1164482,Fruit Bowl,755,755,6952,Mixed Fruit Bowl With Icecream,
