id,name,trace_ids
1,Aam Ka Panna,3318
2,Aam Sandesh,5781
3,Aamras,8199
4,Aappam,7010
5,Achar,-1
6,Achari Chana Pulao,10308
7,Adai Dosai,7013
8,Adai Uttapam,4241
9,Adark,-1
10,Affogato,9037
11,Afgani Chicken,6745 - 6743
12,Afghani Chicken Biryani,6283
13,Afghani Murgh Tikka,10174
14,Aglio Oglio Pasta,7762
15,Ajmer Cake,7560
16,Akki Roti,7087
17,Al Faham Chicken,6539
18,Alasande Vada,7089
19,Alfredo Pasta,7121
20,Allepy Chicken Curry,4643
21,Almond,4313
22,Aloo Bhaji,8887
23,Aloo Bhature,6906
24,Aloo Bhindi,6062
25,Aloo Biryani,6015
26,Aloo Bonda,4217
27,Aloo Bun,7090
28,Aloo Bhurji,-1
29,Aloo Chaat,6235 - 7541
30,Aloo Chilli,10229
31,Aloo Chop,10230
32,Aloo Dum,5867 - 6014
33,Aloo Gobi,6064
34,Aloo Gobi Paratha,10412
35,Aloo Jeera,6065
36,Aloo Manchurian,10231
37,Aloo Masala,5937 - 860
38,Aloo Masala Cheese Sandwich,5327
39,Aloo Masala Sandwich,5328
40,Aloo Mattar,9041
41,Aloo Methi Paratha,10307
42,Aloo Mutter Curry,5329
43,Aloo Mutter Kulcha,7092
44,Aloo Pyaaz Kulcha,-1
45,Aloo Mutter Masala,6066
46,Aloo Palak,6068
47,Aloo Paratha,4570 - 6604
48,Aloo Patty,-1
49,Aloo Patty Salad,3535
50,Aloo Puri,7538
51,Aloo Pyaz Paratha,6752
52,Aloo Sabzi,7091
53,Aloo Samosa,4322
54,Aloo Sandwich,4761
55,Aloo Tamatar,9042
56,Aloo Tikki,-1
57,Aloo Tikki Chaat,4418
58,Aloo Tikki Ragda Chaat,3561
59,Aloo Tikki Burger,-1
60,Aloo Tikki Sandwich,7094
61,Amrakhand,-1
62,Ambuli Juice,8063
63,Ambur Biryani,-1
64,American Chocomax,5965
65,Americano,4088
66,Amriti,5787
67,Amritsar Chicken,7096
68,Amritsari Fish Fry,9243
69,Anchovy Fish Fry,8753
70,Andhra Chilli Chicken,5332
71,Andhra Kara Dosa,6553 - 4745
72,Andhra Special Chicken Biryani,7549
73,Andhra Special Veg Biryani,7550
74,Andhra Veg Biryani,5722
75,Anjeer Milk Shake,3275
76,Anjeer Peda,10232
77,Appalam,6391
78,Appam,6959 - 6368 - 7099 - 7100 - 7101 - 4615 - 4444 - 4614 - 8035 - 4613
79,Appe,9918 - 9927
80,Appe Lollypop,9916 - 9923
81,Appe Pizza,9921 - 9930
82,Apple,6751
83,Apple Tart,
84,Apple Cinnamon Tart,10234
85,Apple Fruit Shake,3261
86,Apple Juice,3302
87,Apple Milk Shake,8872
88,Apple Muffin,10236
89,Apple Pie,3727
90,Arabian Roll,6302
91,Arabic Kabooli Rice,6539
92,Arabic Kabuli,6284
93,Arisi Paruppu Sadam,6343
94,Assorted Bajji,4354
95,Assorted Veg Paneer Sandwich,7006
96,Atho Chicken,7065
97,Atho Egg,7064
98,Atho Egg Chicken,7066
99,Avakaya Chicken Biryani,5727
100,Avakaya Mutton Biryani,5732
101,Avalaki Bhath,7105
102,Avalakki Bath,7436
103,Avial,6630
104,Avocado Milkshake,7104
105,Awadhi Chicken Biryani,5090
106,Awadhi Veg Biryani,7106
107,Azadi Non Veg,9332
108,BBQ Chicken,5888
109,BBQ Chicken Burger,6544
110,BBQ Chicken Salad,3559
111,BBQ Paneer,5887
112,BBQ Paneer Puff,-1
113,Baby Corn,8557
114,Baby Corn 65 Biryani,5911
115,Baby Corn Chilli,6053
116,Baby Corn Fried Rice,6579
117,Baby Corn Manchurian,7107
118,Baby Corn Masala Dosa,6628
119,Baby Corn Mushroom Masala Dosa,7475
120,Baby Corn Pakoda,10237
121,Baby Corn Paneer Biryani,10419
122,Baby Corn Pepper Masala,7108
123,Baby Corn Puff,-1
124,Baby Corn Salad,5104
125,Baby Corn Tikka,10238
126,Babycorn Cheese Sandwich,5333
127,Babycorn Dosa,4735
128,Babycorn Manchurian,6444
129,Babycorn Mushroom Biryani,5008
130,Badam Milk,3238
131,Badam Peda,10239
132,Badam Pheni,7552
133,Badam Shake,3276
134,Badam Chai Tea,8874
135,Baigan Bharta,8203
136,Baigan Bharwa,8204
137,Baked Cheese Cake,10002
138,Baked Chicken Au Gratin,3697
139,Baked Chicken Eggplant Moussaka,3682
140,Baked Eggplant Moussaka,3681
141,Balushahi,10401
142,Banana,3530 - 6748
143,Banana Bajji,6915 - 6591
144,Banana Bonda,8763
145,Banana Cake Slice,3408
146,Banana Caramel Cake,3411
147,Banana Cashew Cake,3412
148,Banana Chocolate Cake,3413
149,Banana Chocolate Cake Shake,7110
150,Banana Fry,4201
151,Banana Honey Milk Shake,2611
152,Banana Lassi,4393
153,Banana Milkshake,3252
154,Banana Pancakes,3414
155,Banana Rasayana,10241
156,Banga Chicken,7073
157,Banga Egg,7072
158,Barfi,5336
159,Barracuda Fish Fry,8755
160,Basbousa,6036
161,Basil Pesto Pasta,7120
162,Basmati Rice,741
163,Basundi,10405
164,Batani Curry,7340
165,Bbq Chicken,7111
166,Bbq Fries,5859
167,Bbq Paneer,7112
168,Bbq Pizza,6790
169,Bedmi Puri,5868
170,Beef Biryani,7519
171,Beef Curry,6291 - 6534 - 6535 - 6285
172,Beef Fry,7621
173,Beef Roll,7628
174,Beetroot,10249 - 6751
175,Beetroot Aloo Paratha,7113
176,Beetroot Dosa,7114
177,Beetroot Juice,3292
178,Beetroot Lassi,10243
179,Bejo Soup,7076
180,Belgian Doughnut,4874
181,Belgium Chocolate Truffle,9357
182,Belgium Pastry,3729
183,Bell Pepper Pizza,7763
184,Berliner,10217
185,Berry Cake,9993
186,Besan Barfi,3391
187,Besan Chilla,9038
188,Besan Laddu,3361
189,Besan Ladoo,9955
190,Bhagara Rice,3193
191,Bhajani Chakli,-1
192,Bhaji,-1
193,Bhaji Pav,5337
194,Bhalla Papri Chat,6981
195,Bhatura,5945 - 6727
196,Bhature,3353
197,Bhel,3573
198,Bhel Puri,3574
199,Bhindi,8206
200,Bhindi Bhurji,
201,Bircher Muesli,10244
202,Birdys Chicken Jungli Sandwich,8834
203,Biriyani Zone Special Chicken Curry,5893
204,Biryani,4433
205,Biscuit,-1
206,Biscoff Cheese Pastry,10203
207,Bisi Bele Bath,4425 - 3231
208,Black Chana Chaat,3584
209,Black Channa,7116
210,Black Channa Sundal,7117
211,Black Channa Vada,7118
212,Black Coffee,3443
213,Black Currant Kulfi,6850
214,Black Currant Lassi,6946
215,Black Currant Milkshake,3270
216,Black Forest Cake,4082
217,Black Forest Pastry,3394
218,Black Mojito,4903
219,Black Olive Salad,5005
220,Black Tea,3445
221,Blackcurrant,-1
222,Blackcurrant Lassi,6839
223,Blackcurrant Milkshake,10245
224,Blackcurrant Mojito,6827
225,Blackcurrant Smoothie,6821
226,Blueberry Cheese Cake,9088
227,Blueberry Doughnut,5338
228,Blueberry Ice Tea,6885
229,Blueberry Milkshake,10246
230,Blueberry Mojito,6826
231,Blueberry Pastry,4167
232,Blueberry Smoothie,6820
233,Blueberry Waffle,7054
234,Bobbatlu,-1
235,Boiled Banana,9352
236,Boiled Cassava,6308
237,Boiled Egg,3429 - 777 - 6357 - 8963 - 6354 - 4756
238,Boiled Egg Sandwich,-1
239,Boiled Egg Toast,-1
240,Boiled Peanut,4355
241,Boiled Peanut Sundal,6312
242,Boli,6299
243,Bombay Chicken Biryani,6236
244,Bombay Mixture,7283
245,Bombay Samosa,4231
246,Bombay Veg Biryani,6237
247,Bonda,3716
248,Bonda Chaat,3588
249,Bonda Soup,3513
250,Boondi Ladoo,9954
251,Boondi Phirni,4914
252,Boost Milk,-1
253,Borishali Chicken Thali,7497
254,Boti Masala,7285
255,Bottle Gourd Bajji,10247
256,Bottle Gourd Kheer,7250
257,Bournvita Milk,-1
258,Bread,5874 - 5944 - 5352 - 5947 - 5442 - 5445 - 5454 - 5490 - 3432 - 3433
259,Bread Bajji,828 - 6585
260,Bread Butter Jam,5339
261,Bread Butter Jam Toast,5341
262,Bread Butter,5340
263,Bread Butter Toast,5342
264,Bread Channa,7542
265,Bread Chat,7288
266,Bread Grilled Sandwich,-1
267,Bread Fry,4213
268,Bread Jam,5343
269,Bread Jam Toast,-1
270,Bread Masala Dosa,7471
271,Bread Omelette,6730
272,Bread Pakoda,3625
273,Bread Pakora,993
274,Bread Pudding,10404
275,Bread Roll,3441
276,Bread Toast,-1
277,Bread Upma,7286
278,Brinjal Bajji,6588
279,Brioche,10221
280,Broccoli Soup,7290
281,Broken Wheat Poha,7291
282,Brown Bread,-1
283,Brown Bread Omelette,-1
284,Brown Garlic Tomato Rice,3209
285,Brown Onion Pulao,3215
286,Brownie,3407
287,Brownie Fantasy,5963
288,Brownie Shake,3281
289,Brownie Sundae,6865
290,Bubble Gum Mojito,7548
291,Bubble Tea,7292
292,Bubblegum Velvet Waffles,5996
293,Bulls Eye,4617
294,Bun Butter Gulkand,6883
295,Bun Butter Jam,5851
296,Bun Masala,7293
297,Bun Maska,4430
298,Bun Omelette,8215
299,Burger,6900
300,Buritto Veg,4586
301,Burnt Garlic Fried Rice,4573
302,Burnt Garlic Rice,6484
303,Butter,3191
304,Butter Appe,9931
305,Butter Chicken,6536
306,Butter Chicken Biryani,6776 - 6775
307,Butter Chicken Masala,4649 - 6718
308,Butter Croissant,3703
309,Butter Dosa,6165
310,Butter Kulcha,5891
311,Butter Masala Dosa,6180
312,Butter Milk,10526
313,Butter Naan,5345 - 6601 - 6716 - 6718
314,Butter Non,6510
315,Butter Paneer,6085
316,Butter Paneer Appe,9920 - 9929
317,Butter Plain Dosa,6181
318,Butter Roast Dosa,4737
319,Butter Roti,5890 - 6603
320,Butter Scotch Chocolate Waffle,7052
321,Butter Scotch Milkshake,3255
322,Butter Scotch Pastry,3396
323,Butter Tandoori Paratha,6507
324,Butter Tandoori Roti,5346
325,Buttermilk,3314
326,Butterscotch Ice Cream,6861
327,Butterscotch Ice Cream Milkshake,-1
328,Butterscotch Lassi,6841
329,Butterscotch Muffin,5347
330,Butterscotch Smoothie,8875
331,Butterscotch Waffles,5991
332,Cabbage,3628 - 7294
333,Cabbage Bajji,3630
334,Cafe Frappe,6993
335,Cake,4880
336,Cake Crumble Pie,3420
337,Cake Fudge,58
338,Calicut Chicken Curry,4646
339,Calicut Chicken Roast,6072
340,Candy Chicken,6305
341,Cane Juice,8881
342,Cannelloni,7230
343,Capsicum Bajji,7296
344,Capsicum Bhaji,6983
345,Capsicum Cheese Sandwich,5348
346,Capsicum Masala Dosa,6556
347,Capsicum Pulao,7297
348,Capsicum Rice,3202
349,Capsicum Rice Bath,7491
350,Caramel Brownie,5349
351,Caramel Coffee,-1
352,Caramel Sauce,9406
353,Carrot,7300 - 3292 - 6751
354,Carrot Cake,3422
355,Carrot Cherry Cake,7301
356,Carrot Corn Pulao,7298
357,Carrot Dosa,5932
358,Carrot Halwa,7439
359,Carrot Idli,7299
360,Carrot Juice,3283
361,Carrot Paratha,7302
362,Carrot Rice,907 - 7303 - 6572
363,Carrot Soup,7304
364,Carrot Utthappam,6171
365,Cashew Paneer Curry,8565
366,Cauliflower Masala Dosa,7470
367,Cereals,3656
368,Chaat,3562
369,Chai,4566
370,Chakuli,9579
371,Cham-Cham,9959
372,Chana Aloo Tikki,3572
373,Chana Chaat,3585
374,Chana Masala,7537
375,Chanar Jelabi,5779
376,Chanar Kalia Thali,7496
377,Chandrakala,4420
378,Channa,4782 - 5945
379,Channa Masala,6604 - 809 - 6605 - 6606 - 6607
380,Channa Masala Dosa,6555
381,Chapati,4214 - 760 - 6504 - 6286 - 6290
382,Char Grilled Lemon Chicken,3695
383,Chatpata Aloo Paratha,10309
384,Chatti Pathiri,4228
385,Chawal,-1
386,Cheela,5350
387,Cheese,3188 - 1017
388,Cheese Aloo Tikki,7093
389,Cheese Bread Omelette,4380
390,Cheese Burger,-1
391,Cheese Cake,-1
392,Cheese Chicken Meatball,5903
393,Cheese Chicken Momos,6899
394,Cheese Corn Nuggets,4404
395,Cheese Croissant,3704
396,Cheese Dosa,6153
397,Cheese Maggi,5351
398,Cheese Masala Dosa,6154
399,Cheese Masala Omelette,6917
400,Cheese Omelette,4384 - 5352
401,Cheese Onion Dosa,6146
402,Cheese Onion Paratha,10413
403,Cheese Paradilla,4584
404,Cheese Paratha,5353
405,Cheese Pasta,6951
406,Cheese Poppers,-1
407,Cheese Sandwich,5396
408,Cheese Sauce,3678 - 3674
409,Cheesy Fries,5860
410,Cheesy Paneer Tikka Wrap,5902
411,Chena Angoor,3362
412,Chena Payesh,3382
413,Chena Roll,3383
414,Chenna Masala,5938
415,Chennai Style Biryani,6777
416,Chettinad Chicken Dry,5354
417,Chettinad Chilli Chicken,6769
418,Chettinad Pepper Chicken Meals,6702
419,Chettinadu Masala Dosa,737
420,Chia Oats Pudding,10262
421,Chicken,4577 - 6521 - 6978 - 6770 - 4584 - 5379 - 5402 - 922 - 4438 - 9782 - 930 - 9776 - 5498 - 5503 - 6319 - 5531 - 9780 - 6489 - 5588 - 9781 - 9774 - 928 - 4579
422,Chicken 555,8543
423,Chicken 555 Biryani,8528
424,Chicken 65,4639 - 814 - 6424 - 6636 - 7524 - 6638 - 6637
425,Chicken 65 Biryani,4708
426,Chicken 65 Kebab,5355
427,Chicken Barbeque Wrap,-1
428,Chicken Bajji,3635
429,Chicken Bharta,6383
430,Chicken Biryani,3233 - 5094 - 4632 - 4633 - 6354 - 6355 - 6095 - 742 - 6636
431,Chicken Boa,-1
432,Chicken Bonda,8074
433,Chicken Bun,6999
434,Chicken Burger,3598 - 4399 - 5885
435,Chicken Burnt Garlic Fried Rice,5309
436,Chicken Calzone,9960
437,Chicken Chaap,6385
438,Chicken Chap,6082
439,Chicken Cheese Balls,6739
440,Chicken Chettinad,5356 - 808 - 4415
441,Chicken Chettinad Biryani,6300
442,Chicken Chilli Dog,4589
443,Chicken Chilli Garlic Noodles,5357
444,Chicken Chilli,9823
445,Chicken Chopsuey,6912
446,Chicken Club Sandwich,6747
447,Chicken Coconut Fry,4626
448,Chicken Crispy,9827
449,Chicken Croissant,3708
450,Chicken Curry,7099 - 6503 - 5360 - 6394 - 6374 - 6373 - 7338 - 6059 - 6061 - 6705 - 6728 - 8051 - 6538 - 8044 - 8046 - 8045 - 8047 - 8039 - 8041 - 6715 - 6647 - 8040 - 8042 - 8034 - 6714 - 8038 - 789 - 4678 - 6193
451,Chicken Cutlet,6541
452,Chicken Dinner,10536
453,Chicken Do Piyaza,6384
454,Chicken Do Pyaza,6070
455,Chicken Donne Biryani,7305
456,Chicken Dosa,6147
457,Chicken Drumsticks,6304
458,Chicken Drumsticks Biryani,8531
459,Chicken Dry Curry,-1
460,Chicken Dum Biryani,5361 - 10420
461,Chicken Frankie,9822
462,Chicken Fried Idli,8043 - 8048
463,Chicken Fried Kebab,3647
464,Chicken Fried Momo,5294
465,Chicken Fried Rice,6431 - 3497
466,Chicken Fry,4625
467,Chicken Fry Biryani,5724 - 5737 - 10421
468,Chicken Garlic Finger,4143
469,Chicken Gravy,4697 - 4623 - 4696
470,Chicken Grill,7368 - 7367
471,Chicken Hakka Noodle,4560
472,Chicken Hakka Noodles,5362
473,Chicken Harabhara,9825
474,Chicken Hot Dog,3662
475,Chicken Hot Sour Soup,3522
476,Chicken In Bell Pepper Sauce,3687
477,Chicken In Chilli Basil Sauce,5363
478,Chicken In Chilli Oyster Sauce,5364
479,Chicken In Hot Garlic Sauce,5365
480,Chicken In Schezwan Sauce,5367
481,Chicken Kathi Roll,6301
482,Chicken Kebab,
483,Chicken Kebab Biryani,7284
484,Chicken Keema Dosa,7306
485,Chicken Keema Paratha,5946
486,Chicken Keema Pav,7307
487,Chicken Keema Puff,8820
488,Chicken Keema Samosa,6306
489,Chicken Kefte Tagine,3693
490,Chicken Khandeshi,-1
491,Chicken Kheema,7308
492,Chicken Kheema Pav,7014
493,Chicken Kofta Salad,3554
494,Chicken Kolapuri,7521
495,Chicken Kolhapuri,6071
496,Chicken Koliwada,9824
497,Chicken Korma,825 - 6074
498,Chicken Kosha,5766
499,Chicken Kothu Parotta,4471
500,Chicken Kotthu Parotta,6517
501,Chicken Kurma,6364
502,Chicken Kuska,7309
503,Chicken Kuska Biryani,7310
504,Chicken Lasagne,3702
505,Chicken Lemon Coriander Soup,3516
506,Chicken Liver Fry,6764
507,Chicken Lolipop,6641
508,Chicken Lollipop,6460
509,Chicken Lollipop Biryani,8525
510,Chicken Maggi,3357
511,Chicken Majestic,8544
512,Chicken Majestic Biryani,8529
513,Chicken Malai Tikka,7311
514,Chicken Manchow Fried Rice,5312
515,Chicken Manchow Soup,3521
516,Chicken Manchurian,4648 - 6456 - 6476 - 924
517,Chicken Manchurian Biryani,5010
518,Chicken Manchurian Dry,5372
519,Chicken Masala,6643
520,Chicken Masala Dosa,3721
521,Chicken Masala Rice,-1
522,Chicken Mirchi Bajji,8076
523,Chicken Momo,3503 - 5292 - 5291
524,Chicken Mughali Curry,8561
525,Chicken Mugulai,7522
526,Chicken Mulligatawny Soup,3515
527,Chicken Nanking Noodles,936
528,Chicken Navabi,7520
529,Chicken Noodles,3494
530,Chicken Nuggets,4399 - 4142
531,Chicken Omelette,4385
532,Chicken Oriental Salad,3555
533,Chicken Pakoda,8542 - 6361
534,Chicken Pakoda Biryani,8527
535,Chicken Palli Palayam,4647
536,Chicken Paniyaram,6737
537,Chicken Paratha,6756 - 4328
538,Chicken Paratha Roll,4478
539,Chicken Pasta,7210 - 3678 - 3679
540,Chicken Pasta With Pink Sauce,3680
541,Chicken Pasta With White Sauce,3677
542,Chicken Pathiri,4225
543,Chicken Patti Samosa,3631
544,Chicken Pepper Dry,5883
545,Chicken Pepper Fry,6642
546,Chicken Pepper Gravy,6362
547,Chicken Pepper Masala,7523
548,Chicken Piccata,3683
549,Chicken Pizza,6247
550,Chicken Podimas,8070
551,Chicken Popcorn,4141 - 6051
552,Chicken Puff,3711 - 951
553,Chicken Puffs,7525
554,Chicken Pulao,5373
555,Chicken Quesadilla,5771
556,Chicken Rezzala,6382
557,Chicken Rice Bowl,6658
558,Chicken Roast,6987
559,Chicken Roll,4235
560,Chicken Salad,3551
561,Chicken Salad Sandwich,4428
562,Chicken Salt And Pepper,6655
563,Chicken Samosa,3632 - 6742
564,Chicken Sandwich,3594 - 4477 - 4476
565,Chicken Satay,4576 - 4575
566,Chicken Sausage,-1
567,Chicken Schezwan Fried Rice,5310 - 6430
568,Chicken Schezwan Noodles,5311 - 937 - 6426
569,Chicken Seekh Kebab,7674
570,Chicken Shashlik,3691
571,Chicken Shawarma,5775
572,Chicken Shawarma Plate,7364
573,Chicken Singapore Noodles,5374
574,Chicken Starter,6405
575,Chicken Stew,4615 - 822 - 5943 - 6369
576,Chicken Strips,7314
577,Chicken Submarine,6783
578,Chicken Tandoori,6508
579,Chicken Tandoori Kebab,3639
580,Chicken Tangdi Biryani,5011
581,Chicken Tawa Kebab,3640
582,Chicken Teriyaki Salad,3556
583,Chicken Tikka,3714
584,Chicken Tikka Biryani,6134
585,Chicken Tikka Burger,-1
586,Chicken Tikka Chaap,6386
587,Chicken Tikka Cheese Sandwich,4692
588,Chicken Tikka Croissant,8821
589,Chicken Tikka Grilled Roll,6975
590,Chicken Tikka Masala,8562
591,Chicken Tikka Mini Roll,8835
592,Chicken Tikka Pizza,4601
593,Chicken Tikka Salad,9032
594,Chicken Tikka Sandwich,4330
595,Chicken Tikka Semizza,5905
596,Chicken Vada,8077
597,Chicken Varattiyathu,4645
598,Chicken Wings,6772
599,Chicken Wrap,3666
600,Chicken Yakhni Biryani,7315
601,Chicken in Hunan Sauce,5366
602,Chikku Juice,3305
603,Chikoo Fruit Shake,3262
604,Chikoo Milk Shake,8882
605,Chili Chipotle Chicken,5900
606,Chilli,4198
607,Chilli Bajji,3623
608,Chilli Cheese Maggi,5376
609,Chilli Cheese Sandwich,4762 - 9799
610,Chilli Cheese Toast,4196
611,Chilli Chicken,4624 - 812 - 933 - 6425
612,Chilli Chicken Biryani,8526
613,Chilli Chipotle Chicken,7316
614,Chilli Coriander Uttapam,6167
615,Chilli Corn Cheese Sandwich,4771
616,Chilli Garlic Egg Fried Rice,7233
617,Chilli Garlic Potato Bites,7214
618,Chilli Garlic Veg Fried Rice,7235
619,Chilli Gobi,4628
620,Chilli Idli,4324
621,Chilli Paneer,9010 - 8546
622,Chilli Paratha,5377
623,Chilli Prawns,8545
624,Chilli Babycorn,6475
625,Chilli Egg,6463
626,Chilly Garlic Chicken Fried Rice,-1
627,Chilli Garlic Chicken Rice,6487
628,Chilli Garlic Noodles,6492 - 6494
629,Chilli Garlic Rice,6486
630,Chilli Mushroom,6474
631,Chinese Non-Veg Chop Suey,7317
632,Chinese Non-Veg Meal,5379 - 5380 - 5381 - 5382
633,Chips,-1
634,Chitrana Rice,7319
635,Choco Carnival Sundaes,4408
636,Choco Chip Brownie,7001
637,Choco Chip Doughnut,-1
638,Choco Chip Fudgy Brownie,7002
639,Choco Flakes,6781
640,Choco Hazelnut Doughnut,4875
641,Choco Lava Cake,3416
642,Choco Truffle Pastry,-1
643,Choco Truffle Cake,3399
644,Chocochip Brownie,5391
645,Chocochip Cake,3415
646,Chocoholic Waffles,5992
647,Chocolate,8765 - 9988
648,Chocolate Almond Doughnut,4861
649,Chocolate Ball,3405
650,Chocolate Bao,7759
651,Chocolate Barfi,9957
652,Chocolate Brownie,4331
653,Chocolate Bun Maska,5852
654,Chocolate Cake,5392 - 883
655,Chocolate Chip,9796
656,Chocolate Chips,9405
657,Chocolate Cream Cake,4079
658,Chocolate Croissant,3705
659,Chocolate Cupcake,3417
660,Chocolate Danish,10223
661,Chocolate Doughnut,8842 - 3404
662,Chocolate Dream Cake,-1
663,Chocolate Dream Cake Doughnut,4869
664,Chocolate Frappe,6814
665,Chocolate Gateaux,5828
666,Chocolate Iced Glazed Doughnut,4867
667,Chocolate Iced Glazed Sprinkle Doughnut,4868
668,Chocolate Kit Kat Shake,9794
669,Chocolate Kulfi,6851
670,Chocolate Lassi,6840
671,Chocolate Milkshake,3256
672,Chocolate Momo,6893
673,Chocolate Mousse,4453
674,Chocolate Muffin,3725
675,Chocolate Pastry,3397 - 10200
676,Chocolate Pheni,7551
677,Chocolate Pudding,8764
678,Chocolate Sandwich,5861
679,Chocolate Sauce,9409 - 8189
680,Chocolate Shake,9798
681,Chocolate Smoothie,8873
682,Chocolate Soft clair,9997
683,Chocolate Softy,8188
684,Chocolate Thickshake,6855
685,Chocolate Walnut Brownie,5393
686,Chocolava,10202
687,Chole,6727 - 6733 - 3562 - 3353 - 3213
688,Chole Bhature,-1
689,Chole Biryani,10398
690,Chole Masala,861 - 6060
691,Chole Paneer,10321
692,Chole Kulche,-1
693,Chole Wrap,-1
694,Chow Chow Bath,4620
695,Chum Chum,3363
696,Churro Doughnut,4870
697,Chutney,3655 - 5396 - 10319 - 6551 - 10318 - 6106
698,Cinnamon Doughnut,5397
699,Cinnamon Roll,9990
700,Classic Doner Kebab,6525
701,Classic Doner Kebab Chicken,6546
702,Classic Donuts,5846
703,Classic Falooda,6829
704,Classic Maggi,4194
705,Classic Margherita Pizza,5895
706,Classic South Meals,757
707,Clear Chicken Soup,6502
708,Clubbed Chicken Tower Burger,7465
709,Coconut,3194
710,Coconut Barfi,5398
711,Coconut Chutney,-1
712,Coconut Kulfi,6852
713,Coconut Milk,5936
714,Coconut Payasam,-1
715,Coconut Rice,3195 - 904
716,Coconut Water,-1
717,Coffee,3442
718,Coffee Ice Cream,7625
719,Coffee Mocha Fantasy Cake,3728
720,Cold Coffee,4323 - 4407
721,Cold Coffee Milkshake,3253
722,Cold Horlicks Milk,3245
723,Coleslaw Sandwich,5399
724,Colombian Chocolate Cheese Cake,9983
725,Cone Cake,5836
726,Continental Chicken Soup,3657
727,Continental Non-Veg Meal,5402 - 5403 - 5405
728,Continental Non-Veg Packed Meal,5408
729,Cooker Mandi,10904
730,Cookies,5661 - 6004
731,Coriander Dosa,7321
732,Coriander Rice,7322
733,Corn Bread Omelette,4379
734,Corn Chaat,3586
735,Corn Cheese Fried Momo,
736,Corn Cheese Momo,4374
737,Corn Cheese Sandwich,4770
738,Corn Flakes Chaat,3589
739,Corn Idli,7323
740,Corn Maggi,4193
741,Corn Masala Dosa,6182
742,Corn Mushroom Rice,6483
743,Corn Pasta Cheese Salad,3539
744,Corn Peanut Salad,3537
745,Corn Peas Biryani,5009
746,Corn Peas Salad,3538
747,Corn Potato Burger,7467
748,Corn Pulao,3216
749,Corn Sandwich,4769
750,Corn Spinach Cheese Sandwich,5413
751,Corn Spinach Parcel,5958 - 5965
752,Corn Spinach Sandwich,5414
753,Corn Utthappam,6172
754,Corn and Pepper Tossed Salad,3548
755,Corn and Spinach Cheese Sandwich,4685
756,Corn and Spinach Sandwich,4684
757,Cottage Cheese and Pepper Steaks,3698
758,Crab Omelette,4387
759,Cranberry Smoothie,6822
760,Cream Bun,4779
761,Cream Cheese Bagel with Chia Seeds,10227
762,Cream Chicken,4908
763,Cream Paneer,4909
764,Cream Roll,6248
765,Cream Waffle,6004
766,Creamy Chicken Sandwich,4688
767,Creamy Oreo Sundae,4369
768,Crispy Chicken,6303
769,Crispy Chicken Corn Dog,4588
770,Crispy Chilli Babycorn,5299
771,Crispy Chilli Pepper Corn,5415
772,Crispy Chilli Potato,5298 - 931 - 5416
773,Crispy Mushroom,7326
774,Crispy Schezwan Vegetables,5417
775,Crunchy Taco Bowl,10039
776,Crunchy Taco Supreme Non Veg,9973
777,Crunchy Taco Supreme Veg,9968
778,Crunchy Wheat Taco,9977
779,Crushers,4409
780,Cucumber,-1
781,Cucumber Dosa,7327
782,Cupcakes,8197
783,Curd,6604 - 3189 - 6605 - 6606 - 6607
784,Curd Rice,6636 - 4360 - 903 - 6574 - 6638 - 4699 - 6637 - 4698 - 738
785,Curd Vada,5682
786,Curry,-1
787,Curry Leaf Dosa,7328
788,Curry Leaf Rice,7329
789,Curry Leaves Rice,5978 - 6573
790,Custard,3393
791,Custard Apple Milkshake,3271
792,Cut Fruits,7330
793,Cutlet,4706 - 6594 - 4707
794,Cutlet Chaat,3590 - 3563
795,Cutlet Chana,6982
796,Dabeli,7331
797,Dahi,3587
798,Dahi Bhalle Chaat,3564
799,Dahi Bhel Chaat,3565
800,Dahi Bhel Puri,7539
801,Dahi Kachodi,7543
802,Dahi Kachori,3575
803,Dahi Papdi Chaat,3566
804,Dahi Puri,6311 - 6596 - 6411
805,Dahi Sev Puri,3576
806,Dahi Vada,4356
807,Dakshini Pulao,3219
808,Dal,3488 - 4676
809,Dal Bati,-1
810,Dal Bati Churma,-1
811,Dal Curry,-1
812,Dal Fry,740 - 785
813,Dal Kachori,4431
814,Dal Khichdi,7721
815,Dal Makhani,3490
816,Dal Pappu,3489
817,Dal Paratha,7085
818,Dal Pulao,3217
819,Dal Tadka,4653
820,Dal Vada,833
821,Danish Pastry,9991
822,Dark Chocolate,5988
823,Dark Chocolate Waffle,4407
824,Dark White Waffle,7056
825,Date Banana Walnut Cake,9994
826,Date Walnut Cake,-1
827,Dates Milkshake,3266
828,Dates Pie,7334
829,Dates Walnut Cake,7333
830,Death By Chocolate,-1
831,Desi Butter Chicken,6286
832,Dhaba Rice,3207
833,Dhai,6421
834,Dhal,6614
835,Dhal Tadukan,6612
836,Dhokla,3636
837,Dhokla Sandwich,3637
838,Dilkush,4240
839,Dindigul Chicken Biryani,5424
840,Dindigul Egg Biryani,7335
841,Diwali Special Non Veg Meals,9946
842,Achari Do Pyaza Pizza,10112 - 10090
843,Al Fungi Gourmet Pizza,10449
844,Blazing Chicken Paprika Pizza,10429
845,Blazing Onion and Paprika Pizza,10113
846,Cappuccino,-1
847,Champaran Mutton Pizza,10441
848,Champaran Veg Pizza,10148 - 10127 - 10106
849,Chole Samosa,-1
850,Cheese Volcano BBQ Chicken Pizza,10425
851,Cheese Volcano Blazing Chicken Pizza,10424
852,Cheese Volcano Chicken Delight Pizza,10422
853,Cheese Volcano Double Chicken Pizza,10423
854,Cheese Volcano Farm House Pizza,10442
855,Cheese Volcano Peppy Paneer Pizza,10443
856,Cheese Volcano Veggie Paradise Pizza,10444
857,Cheese and Corn Pizza,10138 - 10117 - 10096
858,Chicken Dominator Pizza,10434
859,Chicken Fiesta Pizza,10431
860,Chicken Golden Delight Pizza,10432
861,Chicken Keema Paratha Pizza,10428
862,Chicken Pepperoni Gourmet Pizza,10447
863,Chicken Pepperoni Pizza,10436
864,Chicken Sausage Pizza,10426
865,Club Cheese Sandwich,-1
866,Corn Cheese Volcano Pizza,10445
867,Corn and Cheese Paratha Pizza,10091
868,Double Cheese Margherita Pizza,10115 - 10094
869,Farmhouse Pizza,10140 - 10098
870,Fiery Jalapeno and Paprika Pizza,10114
871,Fiery Sausage Paprika Pizza,10430
872,Indi Chicken Tikka Pizza,10437
873,Indi Tandoori Paneer Pizza,10144 - 10123 - 10102
874,Kosha Mangsho Pizza,10439
875,Kosha Veg Pizza,10146 - 10125 - 10104
876,Malai Chingri Pizza,10440
877,Malai Soya Chaap,-1
878,Mexican Green Wave Pizza,10120
879,Non Veg Supreme Pizza,10435
880,Paneer Malai Pizza,10126
881,Paneer Spice Supreme Pizza,10152 - 10131 - 10110
882,Pepper Barbeque Chicken Pizza,10427
883,Peppy Paneer Pizza,10139
884,Peppy Paneer Tikka,-1
885,Primavera Gourmet Pizza,10448
886,Smoked Chicken Gourmet Pizza,10446
887,Spiced Double Chicken Pizza,10433
888,The 4 Cheese Gourmet Pizza,10450
889,The 4 Cheese Pizza,10124
890,The 5 Feast Chicken Pizza,10438
891,Veg Extravaganza Pizza,10143 - 10122 - 10101
892,Veggie Buddies Pizza,10149 - 10128 - 10107
893,Veggie Fiesta Pizza,10109
894,Veggie Paradise Pizza,10142 - 10121 - 10100
895,Donne Egg Biryani,7336
896,Donne Mushroom Biryani,5089
897,Donne Veg Biryani,7337
898,Donut,43 - 10218
899,Donuts,10201
900,Dosa,3653 - 7339 - 7340 - 7338 - 7341 - 4744
901,Double Chicken Treat Semizza,5879
902,Double Chocolate Doughnut,4862
903,Double Chocolate Waffle,7055
904,Double Egg,4755
905,Double Ka Meetha,7342
906,Doughnut,4309
907,Dragon Chicken,4650 - 934
908,Dragon Chicken Biryani,8530
909,Dragon Gobi,4629
910,Dragon Paneer,5297
911,Dragon Potato,6445 - 932
912,Dragon Style,922 - 7374
913,Dry Fruit,-1
914,Dry Fruit Bhel Puri,7540
915,Dry Fruit Kulfi,4999
916,Dry Fruit Lassi,6844
917,Dry Fruit Sundae,6868
918,Dry Fruits Pulao,3223
919,Dryfruit Milkshake,6854
920,Dudhi Halva,3364
921,Dugga Dugga,9820
922,Dulce De Leche,6038
923,Dum Aloo Curry,5426
924,Dum Biriyani,6137
925,Dum Biriyani - Chicken,6131
926,Egg,758 - 10417 - 5380 - 5403 - 5408 - 7343 - 6089 - 5445 - 9791 - 5454 - 9773 - 5499 - 5504 - 7068 - 5532 - 5537 - 9778 - 6080 - 5584 - 5589 - 9777 - 9771
927,Egg Appam,6369
928,Egg Bajji,6110
929,Egg Bhurji,5939 - 4352 - 6208 - 4192 - 5947
930,Egg Biryani,6521 - 6324 - 692 - 3234 - 6094 - 6638
931,Egg Bonda,6735 - 3634
932,Egg Burger,6877
933,Egg Cheese Sandwich,4681
934,Egg Chicken,7074
935,Egg Chilli,5427
936,Egg Chilli Cheese Sandwich,4775
937,Egg Chilli Garlic Noodles,5428
938,Egg Chop,10658
939,Egg Club Cheese Sandwich,4777
940,Egg Club Sandwich,4776
941,Egg Corn Sandwich,4774
942,Egg Croissant,3707
943,Egg Curry,760 - 6504 - 826 - 4351 - 6395 - 6377 - 6378 - 4694 - 4365 - 6717 - 6649 - 4363 - 4364 - 6192
944,Egg Devil,-1
945,Egg Dinner,10537
946,Egg Dosa,4608 - 730
947,Egg Fatheera,6548
948,Egg Fried Rice,6405 - 3496 - 6406
949,Egg Hakka Noodles,5430
950,Egg Hot Dog,3661
951,Egg Kothu Parotta,5980
952,Egg Kotthu Parotta,6514
953,Egg Kuska Biryani,7344
954,Egg Lollipop,8066
955,Egg Maggi,3358
956,Egg Masala,4444 - 818 - 4651 - 4652 - 6646 - 6188 - 6190
957,Egg Masala Maggi,-1
958,Egg Masala Dosa,3720 - 734
959,Egg Masala Sandwich,5431
960,Egg Mayo Sandwich,4773
961,Egg Mushroom Roll,9113
962,Egg Noodles,6405 - 3493 - 6406
963,Egg Oriental Salad,3550
964,Egg Pakora,6734
965,Egg Paneer,9114
966,Egg Paniyaram,6741
967,Egg Paratha,9828 - 9829
968,Egg Podi Dosa,4748
969,Egg Puff,3710 - 950
970,Egg Rice Bowl,6660
971,Egg Roast,4614
972,Egg Roll,6978 - 4764 - 6977
973,Egg Salad,3549
974,Egg Sandwich,3595 - 4475 - 4474
975,Egg Schezwan Fried Rice,5432
976,Egg Schezwan Noodles,5433
977,Egg Singapore Noodles,5434
978,Egg Soup,7077
979,Egg Wrap,3665
980,Egga Masala Cheese Sandwich,5435
981,Eggless Cardamom Pistachio Cake,9911
982,Eggless Cupcakes,8198
983,Ela Ada,4219
984,Elaichi Chai Tea,6871
985,Elanchi,4206
986,Elayada,4469
987,Elayappam,6540
988,Ellu Kobbari Sadam,7345
989,Enna Pathiri,4245
990,Espresso,9142
991,Extra Cheese,6892
992,Extra Rice,7456
993,Extra Sweet,10400
994,Fajita Wrap,6027
995,Falafel,6998
996,Falafel Roll,6994
997,Falafel Vada,6997
998,Falooda,6846
999,Falooda Delight,6830
1000,Farfalle pasta,-1
1001,Fiery Hot Peri Peri Maggi,5856
1002,Fig,-1
1003,Fig Milkshake,7564
1004,Filter Coffee,5436
1005,Fish,5381 - 5404 - 7374 - 5500 - 5533 - 5585 - 5590
1006,Fish Biriyani,5881
1007,Fish Biryani,4350
1008,Fish Curry,8035 - 3437 - 786
1009,Fish Cutlet,-1
1010,Fish Dinner,10538
1011,Fish Finger,4139
1012,Fish Fried Kebab,3648
1013,Fish Fry,6768 - 3435
1014,Fish Fry Meals,6696
1015,Fish Manchurian,7375
1016,Fish Meals,6698
1017,Fish Mulaku Curry,4642
1018,Fish Omelette,4386
1019,Fish Paturi,-1
1020,Fish Podimas,8073
1021,Fish Polichathu,6955
1022,Fish Poth Chori,6281
1023,Fish Pulusu,5734
1024,Fish Tandoori,3436
1025,Fish Tandoori Kebab,3644
1026,Fish Tawa Kebab,3641
1027,Fish and Chips,9074
1028,Flavoured Croissant,4905
1029,Flavoured Lassi,8065
1030,Flavoured Rice,5967 - 5966
1031,Focaccia Bread,3731
1032,Formaggio Pasta,4597
1033,Frankie Roll,-1
1034,French Fries,5885 - 3668 - 6051 - 5884
1035,French Toast,8212
1036,French Vanilla Soft clair,9996
1037,Fresh Lime Juice,-1
1038,Fresh Lime Soda,6934
1039,Fried Cheese Momo,6086
1040,Fried Chicken Biriyani,6132
1041,Fried Chicken Biryani,6107 - 6108
1042,Fried Chicken Wings,-1
1043,Fried Chicken Momo,5441
1044,Fried Chicken Rice,6404
1045,Fried Egg,6918 - 5442 - 3434
1046,Fried Egg Pasta,6948
1047,Fried Idli,8580
1048,Fried Paneer Momo,5443
1049,Fried Pav Bhaji,7536
1050,Fried Rice,6400 - 925
1051,Fried Veg Momo,5444
1052,Fries,5858
1053,Fruit Cake Slice,3409
1054,Fruit Custard,3392
1055,Fruit Custard Falooda,5092
1056,Fruit Plate,-1
1057,Fruit Lassi,5930
1058,Fruit Salad,7127 - 9777
1059,Fruit Smoothie,6853
1060,Fudgy Choconut,4346
1061,Gajar Halwa,3365
1062,Galangal Infused Thai Curry,10311
1063,Garden Fresh Veggie Pizza,5904
1064,Garden Veg,4346
1065,Garlic Bread,8836 - 3671 - 10315
1066,Garlic Butter Dosa,4738
1067,Garlic Cheese Toast,4198
1068,Garlic Chicken,824
1069,Garlic Chicken Wing,6093
1070,Garlic Egg Toast,-1
1071,Garlic Fish Curry,819
1072,Garlic Pinwheel,5964
1073,Ghee Cookies,5660
1074,Ghee Dosa,732 - 6163
1075,Ghee Idli,6624
1076,Ghee Jeera Pulao,740
1077,Ghee Karam Dosa,6164 - 6177
1078,Ghee Laddu,5783
1079,Ghee Masala Dosa,5909
1080,Ghee Onion Dosa,4741
1081,Ghee Onion Podi Dosa,4743
1082,Ghee Onion Roast Dosa,4609
1083,Ghee Podi Dosa,4740
1084,Ghee Pongal,-1
1085,Ghee Rice,3214 - 6534 - 6059 - 6061 - 10313
1086,Ghee Roast Dosa,4606
1087,Ghee Set Dosa,6174
1088,Ghee Vada,4211
1089,Ghoogni,7049
1090,Ghugni,4421
1091,Ginger,-1
1092,Ginger Chai Tea,-1
1093,Ginger Coffee,7247
1094,Ginger Elaichi Chai Tea,6873
1095,Ginger Rice,6485
1096,Ginger Soup,7300
1097,Ginger Soda,-1
1098,Ginger Chai Tea,4138
1099,Goan Fish Curry,9043
1100,Gobhi Paratha,5446
1101,Gobi 65,5097
1102,Gobi 65 Biryani,6099 - 5912
1103,Gobi Bajji,3626
1104,Gobi Chili,5882
1105,Gobi Chilli Dry,5447
1106,Gobi Corn Dosa,7130
1107,Gobi Fried Rice,6580
1108,Gobi Manchurian,4630 - 6423 - 4701
1109,Gobi Masala,6618
1110,Gobi Mushroom Masala Dosa,7474
1111,Gobi Onion Paratha,7131
1112,Gobi Paratha,7132 - 6605
1113,Gobi Pepper Dry,7133
1114,Gobi Pepper Masala Dosa,7473
1115,Gobi Pulao,5449
1116,Gobi Pyaz Paratha,6757
1117,Gobindo Bhug Chaaler Payesh,5785
1118,Gol Bhajji,3621
1119,Gol Gappe,-1
1120,Golden Corn Pizza,7764
1121,Gongura Chicken,5450
1122,Gongura Chicken Biryani,5725
1123,Gongura Mutton Biryani,5731
1124,Gongura Veg Biryani,6125
1125,Gothamb Pradhaman,9498
1126,Grape Juice,10249
1127,Greek Farm House Salad,9782 - 9791 - 9792
1128,Greek Salad,9076
1129,Green Grapes Milkshake,7134
1130,Green Mirchi Chicken Biryani,5728
1131,Green Mirchi Mutton Biryani,5733
1132,Green Moong Dal,820
1133,Green Moong Usli,4437
1134,Green Moong Vada,3609
1135,Green Moongdal Masala Dosa,7135
1136,Green Peas Masala,6679
1137,Green Peas Masala Dosa,4747
1138,Green Peas Paratha,7136
1139,Green Peas Poha,7137
1140,Green Tea Milk,-1
1141,Green Tea,3447
1142,Green Salad,8963
1143,Grill Chicken Cheese Sandwich,5451
1144,Grill Chicken Sandwich,5452
1145,Grilled Chicken,6284 - 3700
1146,Grilled Chicken Burger,-1
1147,Grilled Chicken Cheese Sandwich,4691
1148,Grilled Chicken Salad,8964
1149,Grilled Chicken Sandwich,4690
1150,Grilled Fish Salad,9033
1151,Grilled Paneer Sandwich,-1
1152,Grilled Veg Sandwich,-1
1153,Ground Nut,6203
1154,Ground Nut Barfi,-1
1155,Guacamole,7139
1156,Guava,3529
1157,Guava Juice,4780
1158,Guava Milk Shake,7140
1159,Guava Mojito,7631
1160,Gud Bud Sundae,6869
1161,Gud Chai Tea,4568
1162,Gud Kesar Chai Tea,4553
1163,Gujiya,10240
1164,Gulab Jamun,6202 - 3366
1165,Gulkand Lassi,7141
1166,Gun Chicken,6766
1167,Gup Chup Chat,6979
1168,Gurer Talas,10530
1169,Habanero Burrito,9974 - 9969
1170,Hakka Noodles,6495 - 6403 - 6398 - 930 - 929
1171,Half Fry Egg,5453
1172,Half Fry Pav,-1
1173,Halwa,8200
1174,Harayali Chicken Tikka,7142
1175,Hare Mutter Paneer Ke Kofte,10308
1176,Haryali Kebab,5455
1177,Hash Brown Short Balls,6996
1178,Hawaiian Salad,9776 - 9773 - 9787 - 9772
1179,Hazelnut Coffee,-1
1180,Hazelnut Milk Shake,3264
1181,Hazelnut Soft clair,9995
1182,Healthy Ragi Malt,3327
1183,Heart Shape Pan Cake,9925
1184,Heerekai Bajji,7143
1185,Homemade Chocolates,5829
1186,Honey,7262 - 3672
1187,Honey Almond Cake,3403
1188,Honey Almond Tart,7145
1189,Honey Cake,3424
1190,Honey Chilli Potato,-1
1191,Honey Chilli Cauliflower,6453
1192,Honey Lemon Tea,-1
1193,Honey Lemon Chicken,5303
1194,Hong Kong Chicken Fried Rice,8560
1195,Horlicks Milk,-1
1196,Horse Mackerel Fry Fish,8757
1197,Hot And Sour Chicken Soup,6500
1198,Hot And Sour Soup,6498
1199,Hot Chocolate,3240
1200,Hot Chocolate Sundae,6864
1201,Hot Garlic Sauce,5627
1202,Hot Horlicks,3241
1203,Hot Sour Pepper Chicken Soup,5285
1204,Hot Sour Pepper Veg Soup,5283
1205,Hyderabadi Chicken Biryani,6136 - 5456
1206,Hyderabadi Chicken Curry,8563
1207,Hyderabadi Chicken Dum Biryani,5457
1208,Hyderabadi Egg Biryani,7147
1209,Hyderabadi Mutton Biryani,5458
1210,Hyderabadi Mutton Dum Biryani,5459
1211,Hyderabadi Kuska,-1
1212,Hyderabadi Paneer Biryani,5460
1213,Hyderabadi Paneer Dum Biryani,5461
1214,Hyderabadi Veg Biryani,5462
1215,Hyderabadi Veg Dum Biryani,5463
1216,Hummus,-1
1217,Hummus Buddha Chicken Bowl,-1
1218,Hummus Paneer Wrap,-1
1219,Hummus Toast,
1220,Ice Coffee,9799
1221,Ice Cream,7001 - 7330 - 7127 - 8569 - 4404 - 4402 - 6952
1222,Ice Cream Milkshake,8202
1223,Ice Cream Waffle Cone,4396
1224,Ice Popsicle,8209
1225,Iced Tea,6254
1226,Idiappam,6364
1227,Idiyappam,6961 - 6705 - 4694 - 6759 - 4695 - 5936 - 1070
1228,Idli,745 - 744 - 3651 - 1308 - 724 - 723 - 4456 - 4454 - 3330 - 7150 - 3332 - 10319 - 546 - 6561 - 6566 - 6567 - 6551
1229,Idli Manchurian,7148
1230,Idli Soup,7149
1231,Idly,6728
1232,Idyappam,6565
1233,Ilish Begun Bori Jhol,6121 - 6117
1234,Ilish Bhapa,6115 - 6119
1235,Ilish Paturi,6122 - 6118
1236,Imarti,9958
1237,Indian Lentil Soup,7151
1238,Indian Meal Bowl,4850
1239,Indonesian Noodles,6399
1240,Indori Poha,5464
1241,Irachi Pathiri,4229
1242,Irish Coffee,-1
1243,Irish Frappe,6813
1244,Italian Pasta,6949
1245,Jack Fruit,-1
1246,Jack Fruit Fry Biryani,5723
1247,Jack Fruit Pulao,6196
1248,Jackfruit Milkshake,7154
1249,Jaggery Coffee,7155
1250,Jaggery Chai Tea,4732
1251,Jal Jeera,3319
1252,Jalapeno Pizza,5965 - 5961
1253,Jalebi,4238 - 3384 - 3367
1254,Jam Bun,4778
1255,Jam Maska Bun,5465
1256,Jam Roll,4239
1257,Jangiri,7565
1258,Jeera,6202
1259,Jeera Aloo Dry,5466
1260,Jeera Masala Soda,6944
1261,Jeera Rice,3210 - 6536 - 10314
1262,Jeera Samba Chicken Biryani,10173
1263,Jeera Soda,6676
1264,Jhakkas Jamun,463
1265,Jharkand Khicadi,791
1266,Jhula Gur,10529
1267,Jigarthanda,8056
1268,Jola Akki Dosa,7156
1269,Joy Nagar Moa,10532
1270,Juice,4953
1271,Kacha Cheese Sandwich,6417
1272,Kacha Sandwich,6416
1273,Kachauri,6780
1274,Kachche Gosht Ki Biryani,10172
1275,Kachori,4137
1276,Kachori Chaat,3567
1277,Kadai Chicken,4655
1278,Kadai Paneer,817
1279,Kadai Veg,6063
1280,Kadala,4244 - 4616
1281,Kadala Curry,7100 - 7339 - 6759 - 6956 - 6758 - 7163
1282,Kadalacurry,776
1283,Kadalai Curry,1070
1284,Kadhai Chicken,5467
1285,Kadhai Doodh,3243
1286,Kadhai Paneer,5468
1287,Kadhi,-1
1288,Kadhi Chawal,7158
1289,Kahwa Kesari,4569
1290,Kai Holige,7160
1291,Kaipola,4227
1292,Kaju Katli,5469
1293,Kakka Roast,6056
1294,Kal Dosa,548 - 4455 - 6562 - 6758 - 4697 - 4554
1295,Kala Jamun,3368
1296,Kalakand,3369
1297,Kali Dosa,4610
1298,Kanchipuram Idli,10317
1299,Kanji,4669
1300,Kappa,4205
1301,Kappa Biriyani,4611
1302,Kappa Puzhukku,4224
1303,Kara Pori,6297
1304,Kara Sev,6206
1305,Karamani,5658
1306,Karampodi Dosa,6150
1307,Karampodi Masala Dosa,6151
1308,Karela Bhaji,3627
1309,Karimeen Fry,6057
1310,Kathal Biryani,5470
1311,Kathal Dum Biryani,5471
1312,Katori Chaat,3568
1313,Kaya Bajji,6109
1314,Kazhi,8051 - 8052
1315,Kebab Non Veg,-1
1316,Kebab Veg,
1317,Keema Balls,7161
1318,Keema Samosa,3633
1319,Keera Kootu,810
1320,Keera Rice,4699
1321,Keera Vada,834
1322,Keerai Vada,3610 - 6592
1323,Kerala Chicken Biryani,5472
1324,Kerala Chicken Dum Biryani,5473
1325,Kerala Chicken Meal,6963
1326,Kerala Egg Biryani,7173
1327,Kerala Fish Biryani,7174
1328,Kerala Fish Curry,6287
1329,Kerala Fish Meal,6964
1330,Kerala Mutton Biryani,5474
1331,Kerala Mutton Dum Biryani,5475
1332,Kerala Paratha,4641 - 7163 - 6535 - 6538
1333,Kerala Parotta,6285
1334,Kerala Veg Meal,6962
1335,Kesar Badam Lassi,6842
1336,Kesar Badam Milk,6874
1337,Kesar Bhog,7015
1338,Kesar Falooda,6848
1339,Kesar Peda,3385
1340,Kesar Pista,4854
1341,Kesar Pista Kulfi,4998
1342,Kesar Pista Lassi,5928
1343,Kesar Pista Phirni,7083
1344,Kesari Bath,3389
1345,Kesari Chai Tea,4567
1346,Khaja,10406
1347,Khaman,-1
1348,Khandvi,3638
1349,Khao Suey With Vegetables,4580
1350,Khaosuey,4577
1351,Khara Bath,4619
1352,Khara Boondhi,10260
1353,Kheer Bati,5788
1354,Kheer Kadam,5782
1355,Khichdi,4621
1356,Khus Ka Sherbet,3320
1357,Kilimeen Fry,7556
1358,Kimchi Fried Rice,4574 - 4576
1359,Kinnathappam,6835
1360,Kinoo Juice,3299
1361,Kirni Juice,1171
1362,Kit Kat Milkshake,6817
1363,Kit Kat Peanut Butter Shake,7165
1364,Kitkat Milkshake,6926
1365,Kitkat Waffle,6001
1366,Kiwi Fruit Milkshake,7166
1367,Kiwi Lassi,4394
1368,Kiwi Pastry,4879
1369,Kizhangu,4247
1370,Kizhi Biriyani,6135 - 6142 - 6141 - 6130
1371,Kodubale,10253 - 866
1372,Kokum,-1
1373,Kokum Sharbat,3321
1374,Kola Urundai,4136
1375,Kola Vada,6773
1376,Koli Saru,9044
1377,Kolkata Chicken Biryani,5476
1378,Kolkata Chicken Dum Biryani,5477
1379,Kolkata Egg Biryani,5091
1380,Kolkata Mutton Biryani,5478
1381,Kolkata Mutton Dum Biryani,5479
1382,Kolukattai,7000
1383,Kootu,6390
1384,Koozhu,8062
1385,Korean Buns,-1
1386,Kothu Parotta,7168
1387,Kothimbir Vadi,-1
1388,Kotthimera Chicken Dum Biryani,5913
1389,Kozhi Ada,4226
1390,Kozhi Kari Soru,6639 - 762
1391,Kozhi Vadai,6767
1392,Kozhi Varutha Curry,813
1393,Kozhukatta,4242
1394,Kozhukkatta,4218
1395,Krunchy Choco Custard Doughnut,4876
1396,Kuboos,7366
1397,Kulcha,-1
1398,Kulfi,7171
1399,Kulfi Falooda,6847
1400,Kulfi Milkshake,6927
1401,Kung Pao Chicken,6479
1402,Kungpao Cauliflower,6469
1403,Kurkure Chatpata Cheese Namkeen,2320 - 2317
1404,Kurkure Cheese Momo,6088
1405,Kurkure Veg Momo,6087
1406,Kurma,749 - 748 - 6608 - 6565 - 6610
1407,Kuska Biryani,6356
1408,Kuttu Parotta,4623
1409,Lachha Onion Paratha,-1
1410,Lachha Paratha,5132
1411,Lactose Free Milk,4910
1412,Laddu,4236
1413,Lassi,3315
1414,Latte,4086
1415,Lauer Payesh,5786
1416,Lazeez Bhuna Chicken Biryani,6989
1417,Lazeez Chicken Dum Biryani,1573
1418,Lazy Daisy Cake,6037
1419,Leaf Plate,8081
1420,Lebanese Chicken Sandwich,7007
1421,Lebanese Shawarma,6542
1422,Lemon,8878 - 10175
1423,Lemon Chicken,6480
1424,Lemon Chicken Dry,5480
1425,Lemon Ginger Juice,-1
1426,Lemon Honey Chai Tea,9793
1427,Lemon Ice Tea,4449
1428,Lemon Juice,6722
1429,Lemon Masala,8880
1430,Lemon Rice,3203 - 4365 - 10318 - 6571 - 902
1431,Lemon Semiya,7172
1432,Lemon Sevai,862
1433,Lemon Sherbet,7188
1434,Lemon Soda,7546 - 4406
1435,Lemon Tea,3446
1436,Lemon Water,-1
1437,Lemony Orange Soda,5885
1438,Lemonade,-1
1439,Lime,8957
1440,Lime Tea,
1441,Lime Dew,5026
1442,Lobia Pulao,3220
1443,Lobia Vada,3611
1444,Lobster Omelette,4388
1445,Lollipop Chicken,5300
1446,Lotus Biscoff,9408
1447,Lotus Cheese Cake,9982
1448,Luchi,4421 - 5867
1449,Lucknowi Chicken Biryani,5481
1450,Lucknowi Chicken Dum Biryani,5482
1451,Lucknowi Mutton Biryani,5483
1452,Lucknowi Mutton Dum Biryani,5484
1453,Lucknowi Paneer Biryani,5485
1454,Lucknowi Paneer Dum Biryani,5486
1455,Lucknowi Veg Biryani,5487
1456,Lucknowi Veg Dum Biryani,5488
1457,Lychee Juice,6856
1458,Lychee Lassi,6947
1459,Lychee Milkshake,6924
1460,Lychee Soda,6936
1461,M Dew,92
1462,Mac Cheese Pasta,4405
1463,Macaroni Salad,3534
1464,Mackerel Fish Fry,8750 - 8746
1465,Maddur Vada,3606
1466,Madurai Jigarthanda,6295
1467,Maggi,5666 - 4192 - 83
1468,Maggi Fries,5855
1469,Maggi Manchurian,5665
1470,Makka Cholam,6310
1471,Malabar Cake,4252
1472,Malabar Chicken Curry,6073
1473,Malabar Egg Roast,6958
1474,Malabar Fish Curry,6054
1475,Malabar Parotta,8883
1476,Malabar Stew,6957
1477,Malabar Trevally Fish Fry,8754
1478,Malai,4856
1479,Malai Cham Cham,3386
1480,Malai Chicken,9826
1481,Malai Kulfi,4996
1482,Malai Sandwich,3370
1483,Malaysian Curry Mee Chicken,4578
1484,Malaysian Curry Mee With Vegetables,4581
1485,Malpoa,5789
1486,Malpua,3388
1487,Manchow Chicken Soup,6501
1488,Manchurian,923 - 752 - 754 - 750
1489,Manchurian Gravy,-1
1490,Manchurian Sauce,-1
1491,Mangalore Bajji,7175
1492,Mangalore Bonda,7176 - 6984
1493,Mangalore Bun,7177
1494,Mango Avocado Milkshake,6928
1495,Mango Cake,3402
1496,Mango Chicken Biryani,5914
1497,Mango Custard Falooda,5093
1498,Mango Dosa,7178
1499,Mango Gateaux,9359
1500,Mango Icecream,6860
1501,Mango Juice,3300
1502,Mango Lassi,4390
1503,Mango Malai,4855
1504,Mango Malai Kulfi,4997
1505,Mango Masti,-1
1506,Mango Masti Doughnut,4865
1507,Mango Milkshake,3279
1508,Mango Mojito,6889
1509,Mango Mousse,4166
1510,Mango Pastry,4168
1511,Mango Pheni,7553
1512,Mango Rice,3204 - 908
1513,Mango Rice Bowl,4987
1514,Mango Rosogolla,5790
1515,Mango Salad,5108
1516,Mango Seer Fish Curry,6704
1517,Mango Smoothie,6818
1518,Mango Tea,-1
1519,Mango Trifle,7346
1520,Marble Cake,8765
1521,Marble Fruit Cake,8766
1522,Margherita,4599
1523,Margherita Cheese Pizza,4404
1524,Margherita Pizza,5964 - 4968
1525,Masala,9579
1526,Masala Bonda,4207
1527,Masala Chaas,-1
1528,Masala Chaat,5872
1529,Masala Chai Tea,4318
1530,Masala Cheese Sandwich,7544
1531,Masala Chicken Tikka Wrap,5877
1532,Masala Corn,7347
1533,Masala Dosa,547 - 6145
1534,Masala Egg Curry,8564
1535,Masala Fried Fish,6344 - 811
1536,Masala Gobi Pulao,3230
1537,Masala Grilled Sandwich,-1
1538,Masala Idli,5489
1539,Masala Jeera Soda,5884
1540,Masala Kurma Raitha,6609
1541,Masala Maggi,5664
1542,Masala Omelette,4383 - 5490
1543,Masala Paapad,6731
1544,Masala Paneer Tikka Wrap,5876
1545,Masala Podi Dosa,4749
1546,Masala Puri,3577
1547,Masala Rice,3197
1548,Masala Shikanji,4319
1549,Masala Toast,-1
1550,Masala Tea,6872
1551,Masala Uttapam,6256
1552,Masala Uttappam,6166
1553,Masala Vada,3607 - 771 - 6584
1554,Mashed Potato,3669
1555,Mathri,10216
1556,Mattar Mushroom,10314
1557,Mattra Kulcha,5491
1558,Mausambi Juice,-1
1559,Mayo Bread Omelette,4378
1560,Mayo Cheese Bread Omelette,4382
1561,Mayo Chicken Sandwich,7348
1562,Mayo Mushroom Sandwich,5493
1563,Mayo Veg Sandwich,4402
1564,Mayonnaise Sandwich,5494
1565,Mayonnaise Veg Sandwich,5495
1566,Meat Bun,7004
1567,Meat Cutlet,4233
1568,Meat Samosa,4232
1569,Medhu Vada,745 - 744 - 6583
1570,Mediterranean Grilled Egg,9779
1571,Mediterranean Grilled Salad,9789
1572,Mediterranean Style Chicken,3685
1573,Medu Vada,3608 - 725
1574,Melted Cheese Quesadilla,9976 - 9971
1575,Meram Chicken Masala Dosa,8049
1576,Meram Egg Masala Rice,8050
1577,Meram Mixed Chicken Kuzhambu Rice,8053
1578,Meram Mixed Fish Kuzhambu,8055
1579,Meram Mixed Mutton Kuzhambu Rice,8054
1580,Meram Onion Rava,8044
1581,Meram Onion Uttappam,8046
1582,Meram Podi Onion Rava,8045
1583,Meram Podi Onion Uttappam,8047
1584,Meram Spicy Butter Milk,8057
1585,Methi Aloo Paratha,7349
1586,Methi Dosa,7350
1587,Methi Muthiya Nu Shaak,10312
1588,Methi Pulao,3221
1589,Methi Pitla,-1
1590,Mexican Cheese Sandwich,7352
1591,Mexican Fries,4402
1592,Mexican Non-Veg Meal,5498 - 5499 - 5500 - 5501
1593,Mexican Non-Veg Packed Meal,5503 - 5504
1594,Mexican Pizza,6891
1595,Mexican Quesadilla Wrap,6026
1596,Mexican Rice,3208
1597,Mexican Roll,4346
1598,Mexican Salad,3541
1599,Mexican Soup,7351
1600,Milk,3656 - 3247 - 446 - 7058
1601,Milk Cake,4427
1602,Milk Chocolate Waffle,4407
1603,Milk Peda,3390
1604,Milk Tea,-1
1605,Milkshake,8201
1606,Milky Milk Chocolate Waffle,7051
1607,Milky Mist Mango Lassi,278
1608,Millet,8915 - 9993
1609,Millet Bisi Bele Bhath,7353
1610,Millet Dosa,6149
1611,Millet High Protine Kichidi,8914
1612,Millet Idli,10304
1613,Millet Lemon Rice,3205
1614,Millet Pesarattu,7354
1615,Millet Poha,7355
1616,Minestrone Soup,7356
1617,Mini Cup Cake,10001
1618,Mini Samosa,5655
1619,Mini Veg Uttappam,7012
1620,Mint,-1
1621,Mint Chicken,6078
1622,Mint Dosa,4746
1623,Mint Leaves,8878
1624,Mint Lime,-1
1625,Mint Lime Juice,4405
1626,Mint Masala Dosa,10414
1627,Mint Oreo Shake,9797
1628,Mint Puff,5654
1629,Mint Rice,3199 - 756
1630,Mint Tea,7624
1631,Mirchi Bajji,7268
1632,Mirchi Bhaji,8888
1633,Misal Pav,3334 - 9139
1634,Mishti Doi,-1
1635,Mix Fruit Juice,-1
1636,Mix Leafy Salad,9785
1637,Mix Non-Veg Fried Rice,6081
1638,Mix Veg Bajji,830
1639,Mix Veg Biryani,6138
1640,Mix Veg Curry,6537
1641,Mix Veg Idli,7358
1642,Mix Veg Kuruma,4700
1643,Mix Veg Paratha,4327
1644,Mix Veg Poha,7359
1645,Mix Veg Salad,5006
1646,Mix Veg Uttappam,7357
1647,Mix Vegetable Idli,10306
1648,Mixberry Mojito,7630
1649,Mixed Fruit Bowl,6952
1650,Mixed Fruit Milk Shake,3273
1651,Mixed Veg Biryani,10418
1652,Mixed Veg Tagine,3692
1653,Mixed Vegetable Bhaji,3622
1654,Mixed Vegetable Toast,4197
1655,Mixture,6205
1656,Mochar Chop,7053
1657,Modak,3371
1658,Mohana Ada,4250
1659,Mohingo,7068
1660,Mohingo Chicken,7069
1661,Mohingo Egg Chicken,7070
1662,Mohingo Veg,7067
1663,Mojito,8571 - 4403
1664,Mom Makhana Chaat,2506
1665,Momo,6895
1666,Moms Magic Fruit,446
1667,Mooli Onion Paratha,7361
1668,Mooli Paratha,5973
1669,Moonfils Cheese Tandoori,1679
1670,Moong Chaat,3569
1671,Moong Dal,6706
1672,Moong Dal Bajji,3618
1673,Moong Dal Cheela,7281
1674,Moong Dal Chilla,9039
1675,Moong Dal Halwa,-1
1676,Moong Dal Paratha,7362
1677,Moringa,820
1678,Moroccan Cake,9992
1679,Moti Biryani,5088
1680,Moti Pulao,3224
1681,Motichur Laddu,3372
1682,Mousse,8584
1683,Mudakathan Dosa,7011
1684,Muesli,7058
1685,Muffin,-1
1686,Mughlai Chicken,6079
1687,Mulli Paratha,6606
1688,Mulligatawny Soup,3512
1689,Multigrain Dosa,4483
1690,Multigrain Paratha,-1
1691,Multigrain Garlic Bread,-1
1692,Multigrain Subs,4989
1693,Mumbai Cheese Sandwich,6414
1694,Mumbai Falooda,5869
1695,Mumbai Sandwich,6412
1696,Mumbai Veg Cheese Sandwich,4683
1697,Mumbai Veg Sandwich,4682
1698,Murgh Cutlet,-1
1699,Murgh Makhani,6381
1700,Murukku,5510 - 9579
1701,Mushroom 65,8555
1702,Mushroom Biryani,6139 - 8540
1703,Mushroom Butter Masala,4744
1704,Mushroom Cheese Maggi,5511
1705,Mushroom Cheese Sandwich,5512
1706,Mushroom Chili,6342
1707,Mushroom Chilli,8558
1708,Mushroom Dosa,4733 - 736
1709,Mushroom Fried Rice,5513 - 752 - 751
1710,Mushroom Maggi,5514
1711,Mushroom Manchuria,8559
1712,Mushroom Manchurian,8556
1713,Mushroom Masala Dosa,7468
1714,Mushroom Nihari,5689
1715,Mushroom Noodles,10299
1716,Mushroom Pepper Fry,6052
1717,Mushroom Popcorn,7219
1718,Mushroom Puff,5652
1719,Mushroom Pulao,5515
1720,Mushroom Rice,5516
1721,Mushroom Roll,9112
1722,Mushroom Sandwich,4759
1723,Mushroom Soup,7179
1724,Muskmelon,-1
1725,Muskmelon Juice,-1
1726,Muskmelon Milkshake,3267
1727,Mutter Kulcha,-1
1728,Mutter Paneer,6622
1729,Mutter Paneer Masala Dosa,7472
1730,Mutton,5382 - 5405 - 5501
1731,Mutton Biryani,5425 - 4349 - 6637
1732,Mutton Comb,6113
1733,Mutton Curry,8052 - 6648
1734,Mutton Dum Biryani,5521
1735,Mutton Fried Kebab,3649
1736,Mutton Fry Biryani,5730
1737,Mutton Gravy,7061
1738,Mutton Haleem,7180
1739,Mutton Kari Soru,6640
1740,Mutton Kebab,-1
1741,Mutton Keema Biryani,7182
1742,Mutton Kheema Samosa,6736
1743,Mutton Kola,6765
1744,Mutton Kola Meals,6700
1745,Mutton Kolambu Meals,6697
1746,Mutton Korma,6760
1747,Mutton Kosha,-1
1748,Mutton Masala,6645
1749,Mutton Masala Dosa,8037
1750,Mutton Nombu Kanji,8183
1751,Mutton Pepper Fry,6644 - 815
1752,Mutton Podimas,8072
1753,Mutton Pulao,5522
1754,Mutton Samosa,8075
1755,Mutton Sukka,6763
1756,Mutton Sukka Meals,6701 - 6703
1757,Mutton Tandoori Kebab,3645
1758,Mutton Tawa Kebab,3642
1759,Mysore Bajji,5969
1760,Mysore Bonda,7184 - 6593
1761,Mysore Pak,3373
1762,Naan,5523
1763,Nachos,4908 - 4909 - 9979
1764,Nadan Chicken Curry,4644
1765,Nannari Sarbath,4376
1766,Nasi Goreng,4575
1767,Natti Chicken Kebab,5524
1768,Nattukozhi Fry,6761
1769,Needle Fish Fry,8749
1770,Neelgiri Chicken Curry,6076
1771,Neer Dosa,6972
1772,Neer Majjige,8058
1773,Neverno Battered Fish Fry,9244
1774,Neverno Traditional Fish Fry,9242
1775,Neyyappam,4249
1776,Nimbu Pani,-1
1777,Nippattu,5525
1778,Nippattu Salad,-1
1779,Nippattu Masala,7189
1780,Nippattu Masala Chaat,-1
1781,Non Veg Bao,7758
1782,Non Veg Burger,8583
1783,Non Veg Calzone,8577
1784,Non Veg Crackers,8573
1785,Non Veg Momo,7190
1786,Non-Veg Momo,6900 - 6902
1787,Non-Veg Special Momos,6901
1788,Nonveg Curry,6191 - 6189
1789,Noodles,6489
1790,North Indian Chicken Gravy,3486
1791,North Indian Non-Veg Meal,5531 - 5532 - 5533
1792,North Indian Non-Veg Packed Meal,5537
1793,North Indian Veg Kadai,6837
1794,Nutella,9404 - 9988
1795,Nutella Bun,-1
1796,Nutella Sandwich,7545
1797,Nutella Soft clair,9998
1798,Nuttella Doughnut,8844
1799,Nutty Delight Cold Stone Ice Cream,4408
1800,Nutty Nutella Waffles,5997
1801,Oat Meal,9783
1802,Oats,
1803,Oats Apple Jar,
1804,Oats Dosa,7192
1805,Oats Idli,10303
1806,Oats Milk,7057
1807,Octopus Biriyani,6128
1808,Omelette,3430 - 4223 - 4220 - 4222 - 4221 - 7194 - 3432 - 6832 - 4754
1809,Omelette Grilled Sandwich,6932
1810,Onam Sadhya,6347 - 6348 - 6349 - 6350
1811,Onion Bajji,6587 - 827
1812,Onion Bajji,3628 - 3619
1813,Onion Bonda,7195
1814,Onion Cheese Sandwich,5543
1815,Onion Cholam Dosai,4485
1816,Onion Dosa,4612 - 731
1817,Onion Egg Dosa,6187
1818,Onion Ghee Rice,3211
1819,Onion Kachori Chaat,3592
1820,Onion Masala Dosa,4750
1821,Onion Pakoda,7294 - 4215
1822,Onion Paratha,5544
1823,Onion Pepper Pizza,5960
1824,Onion Podi Dosa,4739
1825,Onion Quesadilla,5772
1826,Onion Raagi Dosa,6631
1827,Onion Ragi Dosa,4484
1828,Onion Rava Dosa,6178
1829,Onion Rawa Dosa,6161
1830,Onion Samosa,3601
1831,Onion Set Dosa,6186
1832,Onion Uttappam,6558 - 8041
1833,Onion Uttapam,4461
1834,Onion Wheat Dosa,6632
1835,Open Chicken Sandwich,3600
1836,Open Dosa,7196
1837,Open Masala Dosa,7197
1838,Open Veg Sandwich,3599
1839,Option,757
1840,Orange,8957
1841,Orange Juice,3288
1842,Orange Mojito,6824
1843,Orange Tea Cake,7199
1844,Oreo,9411
1845,Oreo Thick Shake,-1
1846,Oreo Milk Shake,4439
1847,Oreo Shake,3259
1848,Oreo Waffle,6000
1849,Oriental Chicken,3499
1850,Oriental Paneer,3504
1851,Oriental Soup,6651
1852,Ortolana Pizza,4600
1853,Oyster Chicken,6481
1854,Oyster Chilli Chicken,6458
1855,PB Lassi,6674
1856,Paan Lassi,6843
1857,Paapad,6732
1858,Pabda Macher Thali,7493
1859,Paddu,4590
1860,Pain Au Chocolate,5027
1861,Pakkavada,4470
1862,Pakoda,4591
1863,Palak,6614
1864,Palak Aloo Paratha,7203
1865,Palak Bajji,831
1866,Palak Chicken,6077
1867,Palak Chole,-1
1868,Palak Dosa,7202
1869,Palak Paneer,5545
1870,Palak Paneer Biryani,8541
1871,Palak Paneer Dosa,6183
1872,Palak Paneer Rice Bowl,-1
1873,Palak Puri,6905
1874,Palak Rice,3206
1875,Palak Set Dosa,10415
1876,Palak Vada,3612
1877,Palamuri Chicken Biryani,5729
1878,Pancakes,5970 - 6729
1879,Panakkam,3323
1880,Paneer,6141
1881,Paneer 555,8548
1882,Paneer 555 Biryani,8535
1883,Paneer 65,6908
1884,Paneer 65 Biryani,7205
1885,Paneer Achari Tikka,8550
1886,Paneer Achari Tikka Biryani,8538
1887,Paneer Amritsari,8554
1888,Paneer Appe,9931 - 9919 - 9928
1889,Paneer Bhaji,3629
1890,Paneer Bhurji ,-1
1891,Paneer Biriyani,5880
1892,Paneer Biryani,3236 - 8540 - 6140 - 6988
1893,Paneer Bread Omelette,4381
1894,Paneer Bread Pakoda,4429
1895,Paneer Bun,7206
1896,Paneer Burger,3597
1897,Paneer Buritos,-1
1898,Paneer Butter Masala,6716 - 5975 - 6621 - 6513
1899,Paneer Butter Masala Sandwich,4400
1900,Paneer Cashew Biryani,5690
1901,Paneer Cheese Sandwich,4772
1902,Paneer Chilli,5546
1903,Paneer Corn Masala,7208
1904,Paneer Crackers,4134
1905,Paneer Curry,6397 - 6375 - 4677 - 6194
1906,Paneer Curry Paratha,6376
1907,Paneer Dosa,4734
1908,Paneer Dry,3492
1909,Paneer Dum Biryani,5548
1910,Paneer Fried Rice,5549 - 754 - 753 - 6581
1911,Paneer Ghee Roast,8553
1912,Paneer Gravy,3491
1913,Paneer Hot Dog,3660
1914,Paneer Jhalfrezi,9040
1915,Paneer Kulcha,-1
1916,Paneer Kulcha Sandwich,-1
1917,Paneer Kofta,6083
1918,Paneer Lababdar,5550
1919,Paneer Maggi,5857
1920,Paneer Majestic,8547
1921,Paneer Majestic Biryani,8534
1922,Paneer Makhani,4654 - 807
1923,Paneer Makhani Wrap,-1
1924,Paneer Malai Tikka,8551
1925,Paneer Malai Tikka Biryani,8539
1926,Paneer Manchurian,5551
1927,Paneer Manchurian Biryani,8533
1928,Paneer Masala,4631
1929,Paneer Masala Dosa,6126
1930,Paneer Momo,5552
1931,Paneer Onion Dosa,6152
1932,Paneer Pakoda,8549
1933,Paneer Pakoda Biryani,8536
1934,Paneer Paratha,4571 - 6607
1935,Paneer Pasta,6950
1936,Paneer Patties,-1
1937,Paneer Pepper Dry,5554
1938,Paneer Pizza,3658
1939,Paneer Popcorn,8552
1940,Paneer Puff,4766
1941,Paneer Pulao,5555 - 6195
1942,Paneer Pyaz Paratha,6754
1943,Paneer Rice Bowl,6659
1944,Paneer Roasted Pulao,3225
1945,Paneer Roll,6784 - 4403
1946,Paneer Salad,5099
1947,Paneer Sandwich,4760
1948,Paneer Satay,4574
1949,Paneer Schezwan Fried Rice,5556
1950,Paneer Shaslik,3689
1951,Paneer Shawarma,5776
1952,Paneer Stuffed Cheela,5557
1953,Paneer Toast,-1
1954,Paneer Tikka,6744 - 3712 - 6512
1955,Paneer Tikka Biryani,6143 - 8537
1956,Paneer Tikka Cheese Sandwich,4687
1957,Paneer Tikka Croissant,
1958,Paneer Tikka Masala,-1
1959,Paneer Tikka Mini Roll,8833
1960,Paneer Tikka Momo,4375
1961,Paneer Tikka Puff,-1
1962,Paneer Tikka Sandwich,4686 - 9036
1963,Paneer Veg Mix,-1
1964,Paneer Wrap,3664
1965,Panipuri,3578 - 6408
1966,Paniyaram,4758
1967,Papad,6572 - 6568 - 6570
1968,Papad Poriyal,6573
1969,Papaya,1171
1970,Papaya Juice,-1
1971,Papaya Milkshake,3268
1972,Papdi Chaat,3583 - 6419
1973,Papdi Sandwich,6418
1974,Papdi Sandwich Cheese,6420
1975,Paper Dosa,4742
1976,Paper Roast Dosa,-1
1977,Paper Masala Dosa,10416
1978,Papri Chaat,6980
1979,Parappu Adai,6630
1980,Paratha,749 - 748 - 6374 - 6378 - 823
1981,Paratha Roll,-1
1982,Paratha Bhaji,3355
1983,Parippu Payasam,7209
1984,Parippu Pradhaman,9496
1985,Parippu Vada,4202
1986,Parotta,5924 - 6610 - 6611 - 4457 - 6753 - 6755 - 6715 - 6717 - 6647 - 6649 - 6648
1987,Parsley,7636
1988,Paruppu Podi,6392
1989,Paruppu Vadai,6833
1990,Passion Fruit Mojito,7632
1991,Pasta,6902 - 6896
1992,Pasta Salad,9780 - 9778 - 9788
1993,Pastry,-1
1994,Pathiri,4209
1995,Patishapta,10535 - 10529
1996,Patti Samosa,3579
1997,Paturi Thali,7495
1998,Pav,6269
1999,Pav Bhaji,3356 - 3616
2000,Payasam,4664
2001,Pazham Nirachathu,4204
2002,Pazham Pori,6370
2003,Pazham Puzhungiyathu,4243
2004,Peach Ice Tea,4320
2005,Peanut Brownie,-1
2006,Peanut Butter Grilled Sandwich,6931
2007,Peanut Butter Milk Shake,7640
2008,Peanut Chat,7282
2009,Peanut Masala,6919
2010,Peanut Rice,3194
2011,Peanuts,6407 - 9410
2012,Peas Masala Dosa,6554
2013,Peas Pulao,3222
2014,Peas Samosa,5558
2015,Peethiwali Desi Ghee Aloo Tikki,5870
2016,Penne Alfredo Chicken,5773
2017,Penne Alfredo Veg,5774
2018,Pepper Chicken,5922 - 938
2019,Pepper Chicken Biryani,8532
2020,Pepper Chicken Curry,6515
2021,Pepper Chicken Dry,6516
2022,Pepper Chicken Shawarma Plate,7365
2023,Pepper Egg Masala,8068
2024,Pepper Salad,9774 - 9790 - 9771 - 9770
2025,Pepperoni Pizza,4602
2026,Peri Peri French Fries,6050
2027,Peri Peri Fries,4398
2028,Peri Peri Paneer,4342
2029,Peri Peri Tacos,-1
2030,Peri Peri Potato Salad,3542
2031,Pesarattu,5907
2032,Pesarattu Dosa,6627
2033,Philly Steak Chicken Sandwich,4693
2034,Phirni,10403
2035,Phulka,6208 - 7062
2036,Pickle,3190
2037,Pineapple,10175
2038,Pineapple Dosa,7215
2039,Pineapple Ice-Cream Shake,8959
2040,Pineapple Juice,3301
2041,Pineapple Lassi,4391
2042,Pineapple Pastry,3395
2043,Pineapple Salad,5098
2044,Pineapple Shake,8958
2045,Pineapple Sheera,3374
2046,Pineapple Upside-Down Cake,7216
2047,Pink Perch Fish Fry,8752
2048,Pista Badam Smoothie,8876
2049,Pista Kulfi,-1
2050,Pista Milkshake,3280
2051,Pista Pastry,5839
2052,Pitta Bread,-1
2053,Pizza,9011 - 6870
2054,Pizza Appe,9931
2055,Plain Biryani,4558
2056,Plain Bun,6884
2057,Plain Croissant,4911
2058,Plain Dosa,4607 - 470 - 6188
2059,Plain French Fries,7042
2060,Plain Fruit Sandwich,6933
2061,Plain Naan,6509 - 6600
2062,Plain Omelette,4752 - 4751
2063,Plain Paratha,10312 - 4927 - 10316
2064,Plain Pesarettu,9913
2065,Plain Rava Dosa,6563
2066,Plain Rice,5974
2067,Plain Roti,6511 - 6602
2068,Plain Uttappam,6557
2069,Plum Cake,-1
2070,Plum Cake (Eggless),
2071,Podi Dosa,735 - 4736
2072,Podi Idli,4325 - 6625
2073,Podi Kal Dosa,4967
2074,Podi Masala,7198
2075,Podi Masala Dosa,6176
2076,Podi Onion Rava,8040
2077,Podi Onion Uttapam,8042
2078,Podi Uttapam,6559
2079,Poha,83 - 3336 - 772
2080,Poha Avalakki Bath,-1
2081,Pomegranate,-1
2082,Pomegranate Juice,-1
2083,Pomegranate Milkshake,3274
2084,Pomfret Fish Fry,8747
2085,Pomfret Macher Thali,7494 - 7494
2086,Pomodoro Basil Sauce,-1
2087,Pomodoro Basilico Sauce Pasta,10315
2088,Pomodoro Pasta,4596
2089,Pongal,6567 - 726 - 4460
2090,Poondu Kolambu,816
2091,Poondu Ulli Masala,821
2092,Puri,6633 - 5937 - 5938 - 4618 - 860 - 861
2093,Puri Aloo,6726
2094,Puri Bhaji,3354
2095,Puri Chole,3335
2096,Puri Sabji,-1
2097,Pop Corn,6294
2098,Poriyal,6572 - 6389 - 6568 - 4565 - 6570
2099,Poriyal Papad,6571 - 6569
2100,Poriyal Pickle,6574
2101,Porridge,5948
2102,Potato Bajji,6589
2103,Potato Bonda,6582
2104,Potato Cheese Ball,6740
2105,Potato Cheese Shots,6890
2106,Potato Leek Soup,7220
2107,Potato Pakoras,6740
2108,Potato Puff,3603
2109,Potato Soup,7324
2110,Potato Twister,6876
2111,Potato Wedges,3667
2112,Potli Samosa,3602
2113,Prawn Biryani,3235
2114,Prawn Chilli Garlic Noodles,5559
2115,Prawn Fried Rice,5564
2116,Prawn Fry,6762
2117,Prawn Hakka Noodles,5565
2118,Prawn Masala Dosa,8036
2119,Prawn Podimas,8071
2120,Prawn Schezwan Fried Rice,5566
2121,Prawn Schezwan Noodles,5567
2122,Prawn Singapore Noodles,5568
2123,Prawn Thokku,8067
2124,Prawn Thokku Meals,6699
2125,Prawns Biriyani,4636
2126,Prawns Curry,3440
2127,Prawns Fry,3438
2128,Prawns Tandoori,3439
2129,Protein Shake,8211
2130,Pudding Cake,4158
2131,Pudhina Rice,6569
2132,Pudina Rice,5977 - 905
2133,Pulao,3229
2134,Puliyogare,3198
2135,Pull Apart Bread,8837
2136,Punjabi Food Festival,5927
2137,Punjabi Samosa,3604
2138,Puran Poli,-1
2139,Puttu,6960 - 8034 - 4616 - 776
2140,Qubani Ka Meetha,5910
2141,Quiche,8578 - 10004
2142,Raagi Aadai,6629
2143,Raagi Dosa,5933
2144,Raagi Koozhu,5940
2145,Raagi Puttu,5942
2146,Raagi Semiya,5941
2147,Rabdi,3367 - 3375
2148,Rabri Falooda,6849
2149,Radhaballavi,-1
2150,Ragda Patties,3718
2151,Raggi Dosa,6148
2152,Ragi,9993
2153,Ragi Dosa,6564 - 6190
2154,Ragi Ganji,8062
2155,Ragi Idiyappam,7223
2156,Ragi Idli,7225
2157,Ragi Masala Dosa,6184
2158,Ragi Mudde,4424
2159,Ragi Porridge,10251
2160,Ragi Roti,7226
2161,Ragi Set Dosa,6191
2162,Rainbow Velvet Waffles,5995
2163,Raita,3329
2164,Raitha,6094 - 6576 - 746 - 6575
2165,Raj Bhog,3376
2166,Raj Kachori,-1
2167,Raj Kachori Chaat,3570
2168,Rajma,-1
2169,Rajma Chawal,-1
2170,Rajma Masala,6522
2171,Rasam,8196
2172,Rasam Bonda,7228
2173,Rasam Rice,3212 - 6714
2174,Rasgulla,3378 - 6781
2175,Rasmalai,3377
2176,Rasmalai (Eggless),10224
2177,Raspberry Lassi,6945
2178,Ratatouille,7230
2179,Rava Dosa,5931 - 8038
2180,Rava Idli,769
2181,Rava Kesari,-1
2182,Rava Kitchadi,6706 - 6552
2183,Rava Masala Dosa,6179
2184,Rava Laddu,-1
2185,Rava Vada,10252
2186,Raw Banana Bhajji,3617
2187,Raw Mango Seer Curry,6698
2188,Rawthar Chicken Biryani,6080
2189,Red Rice,6550
2190,Red Velvet Cake,3400
2191,Red Velvet Cream Cheese,9360
2192,Red Velvet Cupcake,5574 - 10082
2193,Red Velvet Waffles,5994
2194,Regular Rice Bowl,9970
2195,Reshmi Kebab,5575
2196,Ribbon Fish Fry,8756
2197,Ribbon Pakoda,6204
2198,Rice,4433 - 7116 - 6394 - 6373 - 3213 - 6395 - 6377 - 8055 - 8915 - 7194 - 6397 - 6375 - 866
2199,Rice Bath,7438
2200,Rice Bowl,5888 - 5887 - 5900 - 5899
2201,Rice Kheer,3387
2202,Ridge Gourd Bajji,10255
2203,Roasted Chicken,7234
2204,Romali Roti,5576
2205,Rooh Afza Shake,3260
2206,Roose Falooda,-1
2207,Rose Lassi,5929
2208,Rose Milk,3251
2209,Rose Milkshake,3254
2210,Rosogolla,5784
2211,Roti,6718 - 6394 - 6395 - 6397 - 6321
2212,Royal Falooda,6831
2213,Russian Medovik Pastry,10000
2214,Saag,-1
2215,Sabudana Chakli Sticks,-1
2216,Sabudana Dosa,7238
2217,Sabudana Kheer,10402
2218,Sabudana Khichdi,3717
2219,Sabudana Upma,5971
2220,Sabudana Vada,7239
2221,Saffron Almond Latte,9908
2222,Saffron Pulao,3226
2223,Sagu,4618
2224,Salan,8945
2225,Salem RR Plain Biryani,4725
2226,Salem Thattu Vadai,6296
2227,Salsa,9979
2228,Salt Fries,4592
2229,Salt Lassi,6838
2230,Salt Pepper Mushroom,6448
2231,Salted Caramel Pie,4906
2232,Samba Rava Kitchadi,5935
2233,Sambar,3330 - 6551 - 8915 - 3654 - 6106
2234,Sambar Rice,3200 - 4363 - 6568 - 4698 - 755 - 739
2235,Sambar Sadam,7240 - 4565
2236,Sambar Vada,4334 - 783
2237,Sambhar,10319 - 10318
2238,Samosa,3562 - 3587 - 6421 - 4452 - 955 - 6595
2239,Samosa Chaat,4419 - 6597
2240,Samosa Pav,5578
2241,Sandwich,6870
2242,Sanna,7241
2243,Sardine Fish Fry,8751
2244,Sarkarai Pongal,6105
2245,Sarson Ka Saag,-1
2246,Sattu Kachori,-1
2247,Sattu Paratha,7242
2248,Sauce,751 - 753
2249,Savala Vada,6785
2250,Schezwan Chicken,5304
2251,Schezwan Chicken Dry,5579
2252,Schezwan Chicken Momo,5293
2253,Schezwan Chicken Noodles,5898
2254,Schezwan Chicken Sandwich,7008
2255,Schezwan Fries,-1
2256,Schezwan Fried Rice,6401
2257,Schezwan Mixed Veg Noodles,10301
2258,Schezwan Mixed Veg Rice,10302
2259,Schezwan Mushroom Noodles,10300
2260,Schezwan Veg Noodles,5897
2261,Schwezan Chicken,6482
2262,Scrambled Egg,3431 - 3433
2263,Seafood Biriyani,6127
2264,Seasonal Fruit,5006
2265,Seeragasambha Mutton Biriyani,6358
2266,Semiya Bath,-1
2267,Semiya Kheer,3379
2268,Semiya Khichadi,774
2269,Semiya Khichdi,5934 - 6106
2270,Semiya Kichadi,765
2271,Semiya Upma,3337
2272,Sesame Chilli Chicken,6462
2273,Set Dosa,6168 - 6832 - 6189 - 7263 - 4696 - 4555 - 727
2274,Sev Puri,3580
2275,Shahi Paneer,6084
2276,Shahi Tukda,7244
2277,Shakkar Pare,10258
2278,Shanghai Chicken,6478
2279,Shanghai Rice,6489
2280,Shanghai Veg,6452
2281,Shavige Bath,7437
2282,Shawarma,6547
2283,Sheer Khurma,7245
2284,Sheera,3380
2285,Sheermal,5689
2286,Shenga Holige,7246
2287,Shepherds Pie,9075
2288,Shezwan Cheese Dosa,6159
2289,Shezwan Dosa,6155
2290,Shezwan Masala Dosa,6156
2291,Shezwan Paneer Dosa,6158
2292,Shikanji,3316 - 9799
2293,Shor Bhaja,5780
2294,Shredded Chicken Chilli,6465
2295,Shrikhand,3381
2296,Side Dish,716 - 717
2297,Signature Donuts,5844
2298,Silky Truffle,9985
2299,Singapore Noodles,6496
2300,Sizzler,6895
2301,Sizzling Brownie Volcano,4409
2302,Smiley,5663
2303,Smoked Chicken Sausage Pizza,5896
2304,Smoky Bbq Maggi,5854
2305,Smoothie,6751
2306,Snachos,7248
2307,Snack Box,4127
2308,Snacks,6271
2309,Snicker Waffle,5999
2310,Snickers Waffles,4366
2311,Soda Rasam,8064
2312,Softee,9401 - 9403
2313,Solkadhi,3317
2314,Soppu Bonda,7249
2315,Sorshe Ilish,6120
2316,Sour Cream,4585
2317,South Indian Chicken Gravy,3487
2318,Soya Bean Pakoda,10259
2319,Soya Bean Sabji,-1
2320,Soya Biryani,7252
2321,Soya Chaap Biryani,5691
2322,Soya Curry,7415
2323,Soya Dosa,7253
2324,Soya Pulao,3228
2325,Soya Masala,-1
2326,Soya Tikka Grilled Roll,6973
2327,Spanish Omelette,4767
2328,Special Exotic Strawberry Doughnut,5012
2329,Spice Brownie,10086
2330,Spicy Fried Chicken,5301
2331,Spicy Mayo Corn Sandwich,4401
2332,Spicy Mexican Roll,4340
2333,Spicy Minced Chicken Burger,7466
2334,Spinach Corn Rice,7254
2335,Spinach Idli,10305
2336,Spinach Lavash,8839
2337,Spinach Soup,7325
2338,Sponge Fruit Cake,10265
2339,Spring Onion,5416
2340,Spring Onion Dosa,6173
2341,Spring Onion Uttappam,7255
2342,Spring Rolls,6650
2343,Sprout Bhel,3581
2344,Sprout Dosa,7256
2345,Sprout Uttappam,7257
2346,Sprouts Idly,7258
2347,Sprouts Poha,10261
2348,Sprouts Salad,3545
2349,Squid Biryani,6129
2350,Squid Roast,6055
2351,Srilankan Sambal,5959
2352,Steam Rice,786
2353,Steamed Corn,6352
2354,Steamed Corn Chat,1001
2355,Steamed Peanuts,6351
2356,Steamed Rice,10311 - 3237 - 789 - 4415 - 4678 - 4676 - 4677
2357,Steamed Sprouts,1003
2358,Stew,5944
2359,Straffued Kala Jamun,9956
2360,Strawberry,6748
2361,Strawberry Avocado Milkshake,6929
2362,Strawberry Chocolate Shake,3282
2363,Strawberry Cupcake,5594
2364,Strawberry Danish,10222
2365,Strawberry Doughnut,5593
2366,Strawberry Fruit,3764
2367,Strawberry Lassi,4392
2368,Strawberry Lemonade,4991
2369,Strawberry Milkshake,3257
2370,Strawberry Mojito,7629
2371,Strawberry Muffin,5595
2372,Strawberry Pastry,3398
2373,Strawberry Sauce,9407
2374,Strawberry Smoothie,6819
2375,Strawberry Softy,8187
2376,Strawberry Tea,-1
2377,Strawberry Tres Leches Jar,10225
2378,Stuffed Chicken Tandoori Kulcha,3454
2379,Stuffed Chicken Tandoori Paratha,3448
2380,Stuffed Chicken Tawa Paratha,3452
2381,Stuffed Chilli Bajji,6309
2382,Stuffed Dates,4133
2383,Stuffed Dosa,7260
2384,Stuffed Mirchi Vada,3615
2385,Stuffed Paratha,3338
2386,Stuffed Veg Tandoori Kulcha,3457
2387,Stuffed Veg Tandoori Paratha,3450
2388,Stuffed Veg Tawa Paratha,3451
2389,Sugarcane,-1
2390,Sugar Doughnut,3406
2391,Sugar Dust Doughnut,8843
2392,Sukha Bhel,3582
2393,Sukha Puri,3591
2394,Sukiyan,4210
2395,Sukku Coffee,4730
2396,Sundae,8205
2397,Sundal,5657
2398,Sweet Beeda,6298
2399,Sweet Boondi,7046
2400,Sweet Bun,6270
2401,Sweet Corn,4763
2402,Sweet Corn Cheese Sandwich,5596
2403,Sweet Corn Chicken Soup,5286
2404,Sweet Corn Sandwich,6746
2405,Sweet Corn Soup,6497
2406,Sweet Corn Vegetable Soup,5284
2407,Sweet Lassi,4389
2408,Sweet Parotta,4253
2409,Sweet Poli,7562
2410,Sweet Potato,9774 - 9790 - 9771 - 9770
2411,Sweet Puff,5653
2412,Sweet Roll,7561
2413,Sweet Rose Lassi,5894
2414,Sweetcorn Soup,3518
2415,Swiss Roll,5028 - 883
2416,Szechwan Chicken Rice,6488
2417,Szechwan Noodles,6491 - 6493
2418,Szechwan Rice,928 - 927
2419,Tamarind Rice,906
2420,Tamrind Rice,6103
2421,Tandoor Roti,6537
2422,Tandoori Cheese Pasta,4406
2423,Tandoori Chicken,5597 - 6505
2424,Tandoori Chicken Pizza,-1
2425,Tandoori Chicken Tikka Kebab,5030
2426,Tandoori Chicken Tikka Salad,3552
2427,Tandoori Kulcha,6733 - 3456
2428,Tandoori Mayo Veg Sandwich,5598
2429,Tandoori Naan,3455
2430,Tandoori Paneer Pizza,4403
2431,Tandoori Paneer Tikka Kebab,5029
2432,Tandoori Paratha,3449 - 6506
2433,Tandoori Roti,3459
2434,Tandoori Sandwich,4326
2435,Tandoori Tofu Salad,3533
2436,Tart,8579
2437,Tarkari,-1
2438,Tawa Beef Roast,6289
2439,Tawa Bonda,8846
2440,Tawa Naan,10321
2441,Tawa Paneer Bonda,8847
2442,Tawa Paratha,3453
2443,Tawa Pulao,3227
2444,Tawa Roti,3458
2445,Tea,3444 - 6271 - 7262
2446,Tea Cake,3423
2447,Tender Coconut Milk Shake,4435
2448,Thai Curry,-1
2449,Thai Chilli Mushroom,5295
2450,Thai Chilli Paneer,5296
2451,Thai Green Curry Noodles,4579 - 4582
2452,Thai Veg Puff,9999
2453,Thalasseri Kalyana Biryani,6133
2454,Thalassery Chicken Dum Biryani,6282
2455,Thandai,3277
2456,Thatte Idli,5612
2457,Thattu Dosa,6834
2458,Thawa Fried Chicken,5302
2459,Thayir Vada,784
2460,Thengai Vellam Kozhukattai,6990
2461,Thilopi Fry,6058
2462,Three Bean Stew,3686
2463,Tiramisu Cup,4329
2464,Tiramisu Shot,10005
2465,Tiranga Dahi Papdi Chaat,3571
2466,Tofu Shaslik,3690
2467,Tomato Cheese Pasta,4598
2468,Tomato Cheese Sandwich,5613
2469,Tomato Chicken Curry,6075
2470,Tomato Cucumber Lettuce Sandwich,7264
2471,Tomato Curry,8566
2472,Tomato Dum Rice,767
2473,Tomato Juice,3307
2474,Tomato Rice,3201 - 4364 - 6570 - 901
2475,Tomato Sadam,7261
2476,Tomato Sauce,3679 - 3675
2477,Tomato Sauce Pasta,7123
2478,Tomato Sevai,773
2479,Tomato Shorba,3514
2480,Tomato Soup,7265
2481,Tomato Utthappam,6170
2482,Tossed Salad,9786 - 3547
2483,Tossed Salad Chicken,9775
2484,Town Bus,866
2485,Tres Cheese Fries,4593
2486,Tres Leches,9988 - 9987
2487,Triple Chocolate Waffle,6003
2488,Triple Pepper Noodles,10310
2489,Trivandrum Chicken Fry,6288
2490,Tropical Veg Sandwich,10003
2491,Truffle Donut,
2492,Tulsi Lime Tea,-1
2493,Tulsi Tea,7266
2494,Tuna,9792 - 9787 - 9789 - 9785 - 9788 - 9790 - 9786
2495,Tuna Fish Fry,8748
2496,Turkish Kebab Roll,6543
2497,Turmeric Milk,3250
2498,Tuvar Thota,10313
2499,Tuver Dal,10316
2500,Twister Danish,7003
2501,Uggani,5972 - 7267 - 7268
2502,Ulavacharu Chicken Biryani,5726
2503,Ulli Karam Masala Dosa,5908
2504,Ulli Vada,4203
2505,Ulundhu Poornam Kozhukattai,6991
2506,Undampori,4200
2507,Unnakai,4216
2508,Unni Appam,4248
2509,Upma,7150 - 3715 - 770
2510,Uppu Kadalai,4765
2511,Uppu Kara Manga,6307
2512,Usal Pav,3333
2513,Uttapam,3652
2514,Uzhunnu Vada,4212
2515,Vada,724 - 6566 - 6567 - 4353 - 775
2516,Vada Curry,6561 - 6562 - 4554 - 4555 - 727
2517,Vada Pav,3605
2518,Vada Usal,3614
2519,Vadakari,4481
2520,Vangi Bath,3232
2521,Vanilla,9401 - 6781
2522,Vanilla Blueberry Cupcake With Frosting,10083
2523,Vanilla Cake,3419
2524,Vanilla Choco Chip Doughnut,4864
2525,Vanilla Cream,883
2526,Vanilla Cupcake,5614
2527,Vanilla Frappe,6272
2528,Vanilla Lassi,-1
2529,Vanilla Milkshake,4400 - 6816
2530,Vanilla Pastry,5838
2531,Vanilla Shake,3269
2532,Vanilla Softy,8189
2533,Vanjaram Fish Fry,6771
2534,Variety Rice,6103 - 739 - 738
2535,Vazhai Illai Fish,8069
2536,Vazhaipoo Vadai,4131
2537,Vazhapoo Vada,6590
2538,Vazhuthana Bhaji,4246
2539,Veeshappam,7416
2540,Veg Ball Manchurian,5886
2541,Veg Balls In Hot Garlic Sauce,6472
2542,Veg Bao,7757
2543,Veg Bhuna Masala,5892
2544,Veg Biryani,701 - 6520 - 746 - 741 - 6097
2545,Veg Burger,3596 - 5884
2546,Veg Calzone,8576
2547,Veg Cheese Balls,4130
2548,Veg Cheese Burger,-1
2549,Veg Cheese Frankie,-1
2550,Veg Cheese Sandwich,4195
2551,Veg Chettinad Biryani,6273
2552,Veg Chilli Garlic Noodles,5307
2553,Veg Chopsuey,6911
2554,Veg Club Cheese Sandwich,4768
2555,Veg Club Sandwich,4144
2556,Veg Coleslaw Cheese Sandwich,5616
2557,Veg Coleslaw Sandwich,5617
2558,Veg Croissant,3706
2559,Veg Curry,4613 - 7341 - 4695
2560,Veg Cutlet,832 - 4315
2561,Veg Delight Wrap,4406
2562,Veg Dum Biryani,761 - 5619
2563,Veg Fingers,4400
2564,Veg Fried Momo,5289
2565,Veg Fried Rice,4701 - 3498 - 6432 - 750 - 6402
2566,Veg Gravy,7263
2567,Veg Grilled Cheese Sandwich,4680
2568,Veg Grilled Sandwich,4679
2569,Veg Hakka Noodle,4559
2570,Veg Hot Dog,3659
2571,Veg Hunan,10310
2572,Veg Idli,7204
2573,Veg Jaipuri,6069
2574,Veg Jungli Sandwich,8832
2575,Veg Kathi Roll,6275
2576,Veg Khau Suey,10263
2577,Veg Kolahpuri,6067
2578,Veg Kolhapuri Puff,8819
2579,Veg Korma,5620
2580,Veg Kothu Parotta,5979
2581,Veg Kurma,4702 - 4627
2582,Veg Machurian Dosa,6157
2583,Veg Maggi,3360
2584,Veg Manchow Fried Rice,5308
2585,Veg Manchuria Biryani,6098
2586,Veg Manchurian,6468 - 1006 - 6455
2587,Veg Manchurian Roll,-1
2588,Veg Manchurian Biryani,5007
2589,Veg Manchurian Noodle,-1
2590,Veg Masala Dosa,3719
2591,Veg Mexican Wrap,-1
2592,Veg Momo,3502 - 5287 - 6896 - 5288
2593,Veg Momo Burger,6894
2594,Veg Momos,8944
2595,Veg Nanking Noodles,935
2596,Veg Noodle Soup,7271
2597,Veg Noodles,3495
2598,Veg Nuggets,5662
2599,Veg Omelette,4753
2600,Veg Pakora,4436
2601,Veg Pasta,1013 - 7211 - 3674 - 3676 - 3675
2602,Veg Pasta With White Sauce,3673
2603,Veg Patties,6782
2604,Veg Pink Sauce Pasta,7761
2605,Veg Pizza,6276
2606,Veg Puff,4191
2607,Veg Pulao,4347 - 4637 - 4638 - 1681 - 785
2608,Veg Pulav,6014 - 6575
2609,Veg Roll,4234
2610,Veg Romesco Pasta,7272
2611,Veg Samosa,4230
2612,Veg Sandwich,4405 - 3593 - 4473 - 4472
2613,Veg Salad,-1
2614,Veg Schezwan Fried Rice,5306
2615,Veg Schezwan Momo,5290
2616,Veg Schezwan Noodles,5624
2617,Veg Seekh Kebab Grilled Roll,6974
2618,Veg Seekh Salad,3544
2619,Veg Shashlik,3688
2620,Veg Singapore Noodles,5625
2621,Veg Spring Roll,4085
2622,Veg Starter,6402
2623,Veg Stew,6368 - 7101 - 6290
2624,Veg Sub,8213
2625,Veg Szechwan Rice,6578
2626,Veg Tacos,7273
2627,Veg Wrap,3663
2628,Vegetable Balls,5627
2629,Vegetable Bhat,5968
2630,Vegetable Biryani,3192
2631,Vegetable Calzone,9961
2632,Vegetable Fried Kebab,3650
2633,Vegetable Hot And Sour Soup,3519
2634,Vegetable Idli,7492
2635,Vegetable Juice,3291
2636,Vegetable Lasagne,3694
2637,Vegetable Manchow Soup,3520
2638,Vegetable Manchurian Patties,-1
2639,Vegetable Puff,3709
2640,Vegetable Pulao,3218
2641,Vegetable Quiche Pie,4169
2642,Vegetable Satay,4573
2643,Vegetable Soup,3511 - 7270
2644,Vegetable Tandoori Kebab,3646
2645,Vegetable Tawa Kebab,3643
2646,Vegetable Tikka,3713
2647,Vegetable Upma,52
2648,Vegetable Utthappam,6185
2649,Vegetables,4582
2650,Vegetables In Hunan Sauce,5629
2651,Vegetables In Schezwan Sauce,5630
2652,Veggi Manchow,293
2653,Veggi Roll,6976
2654,Veggie Appe,9931 - 9915 - 9922
2655,Veggie Burnt Garlic Fried Rice,5305
2656,Velarikai,6313
2657,Vendhaya Dosai,4481
2658,Verkadalai,5656
2659,Very Veggie Semizza,5878
2660,Vietnamese Rice Roll,6025
2661,Virgin Mojito,4401 - 6887
2662,Virgin Pina Colada,7274
2663,Waffle,8568
2664,Waffle Cone,9401 - 9403
2665,Waffles,3672
2666,Watermelon,-1
2667,Watermelon Ice Cream,7275
2668,Watermelon Ice Tea,-1
2669,Watermelon Juice,3285
2670,Watermelon Mojito,6888
2671,Western Egg,1017
2672,Wheat Dosa,4482
2673,Wheat Idiyappam,7276
2674,Wheat Paratha,4640 - 6193 - 6192 - 6194
2675,Wheat Poha,7277
2676,Wheat Pongal,7278
2677,Wheat Upma,7279
2678,White Chocolate,883 - 5989
2679,White Fantasy Waffles,5993
2680,White Forest Cake,5631
2681,White Forest Pastry,5632
2682,White Rice,6393
2683,Wok Works,5770
2684,Yakhni Pulao,7280
2685,Yellow Dal,6613
2686,Yellow Peas Masala,4783
2687,Yezhaneer Paiyasam,8059
2688,Yogurt,4572
2689,Zinger Burger,6545
2690,Zinger Paneer Burger,4398
2691,Zucchini,5772